OLDCODE,SITE,AREA,PLOT,PLTAREA,SDLAREA,TMT,DATE8,DATE7,DATE6,DATE5,DATE4,DATE3,DATE2,DATE1,LIVE1,DEAD1,KILL1,CONES1,PINETRE1,PINESTM1,AVGCIRC1,MAXCIRC1,AVGHT1,MAXHT1,TOPALIV1,SPROUT1,BRNPINE,BRNSOAK,BRNERIC,BRNTOAK,HTBURN,NEEDBRN,LITTBRN,COVDATE1,PINRIG1,QUEILI1,VACSPP1,GAYBAC1,GAUPRO1,ARCUVA1,CARSPP1,QUEALB1,QUECOC1,QUEVEL1,QUEPRI1,QUETRE1,MELLIN1,COMPER1,PHYAME1,PANSPP1,AMBART1,BAPTIN1,EPIANG1,ANTSPP1,PTEAQU1,EUPHYS1,POLARI1,HELCAN1,POPSPP1,LYOMAR1,UNKA1,UNKB1,UNKC1,UNKD1,UNKE1,UNKF1,UNKG1,UNKH1,UNKI1,UNKK1,UNKL1,UNKM1,UNKN1,UNKO1,UNKP1,UNKQ1,UNKR1,UNKS1,UNKT1,UNKU1,MOSS1,TAGS1,TAGDEAD1,SOILSAMP,SOILNUM,DATE9,XCOORD,YCOORD,SUBPLOT,PLOTCODE,BRNINDX,REBAR,NWSE,LATMIN,LONGMIN,DATE10,LATDEG,LONGDEG,ORGMAT,DEDGE,SAND,SILT,CLAY,VCSAND,CRSESAND,MEDSAND,FINESAND,VFSAND,CRSESILT,MEDSILT,FINESILT,SOILPH,BUFPH,AL,P,K,CA,MG,AMMON,NITRATE,CEC,PBSK,PBSMG,PBSCA,B,MN,ZN,CU,FE,EXPB,EXCD,EXNI,ESTPB,EXCR,QUEILI10,QUEILI3,DATE11
DW2A-3,DW,2A,3,25,25,NONE,11/2/1999 0:00,6/24/1999 0:00,10/11/1998 0:00,6/23/1998 0:00,10/18/1997 0:00,5/23/1997 0:00,11/17/1996 0:00,6/13/1996 0:00,356,1,1,240,8,8,1.84E+01,29,1.50E+00,3,0,0,2.00E+00,2.20E+00,5.00E+00,0.00E+00,2.00E+00,n,2.00E+00,7/28/1996 0:00,,2.47E+01,1.86E+00,7.00E-02,7.00E-02,1.00E-02,,,,,,,,,,,,,,,,,,,,,,,,,,,,,,,,,,,,,,,,,,"""BU:1-300,R:1-57""",BU:33,Y,13,6/22/2000 0:00,577,435,,DW2A-3,1.12E+01,213,160,5.13E+01,3.94E+01,10/26/2000 0:00,40,72,1.78E+00,87,9.70E+01,2.70E+00,3.00E-01,5.40E+00,3.68E+01,4.74E+01,6.80E+00,5.00E-01,1.40E+00,8.00E-01,6.00E-01,4.10E+00,6.80E+00,3.90E+01,2.00E+00,1.00E+01,3.00E+01,8.00E+00,2.00E+00,2.00E+00,1.60E+00,1.20E+00,2.90E+00,7.30E+00,1.00E-01,3.90E+00,3.00E-01,0.00E+00,3.06E+01,2.00E+00,0.00E+00,1.00E-01,5.00E+01,1.00E-01,5.70E+01,5.80E+01,7/12/2001 0:00
DW2A-4,DW,2A,4,25,25,NONE,11/2/1999 0:00,6/24/1999 0:00,10/11/1998 0:00,6/23/1998 0:00,10/18/1997 0:00,5/23/1997 0:00,11/17/1996 0:00,6/17/1996 0:00,76,2,0,92,7,9,1.92E+01,26,1.36E+00,2,0,0,3.00E+00,3.70E+00,5.00E+00,0.00E+00,2.00E+00,y,1.80E+00,7/28/1996 0:00,,2.24E+01,1.26E+00,7.80E-01,6.00E-02,5.00E-02,7.00E-02,,,,,,,,,,,,,,,,,,,,,2.00E-02,,,,,,,,,,,,,,,,,,,,"""R:159,168-244""","""R:237,238""",Y,14,6/22/2000 0:00,570,420,,DW2A-4,1.35E+01,214,147,5.13E+01,3.94E+01,10/26/2000 0:00,40,72,9.52E-01,100,9.70E+01,2.70E+00,3.00E-01,5.40E+00,3.68E+01,4.74E+01,6.80E+00,5.00E-01,1.40E+00,8.00E-01,6.00E-01,4.10E+00,6.90E+00,1.90E+01,1.00E+00,1.00E+01,2.50E+01,6.00E+00,1.00E+00,2.00E+00,1.50E+00,1.20E+00,2.20E+00,6.00E+00,1.00E-01,3.00E+00,3.00E-01,1.00E-01,1.01E+01,2.00E+00,0.00E+00,0.00E+00,5.20E+01,0.00E+00,5.00E+01,4.92E+01,7/12/2001 0:00
DW1-2,DW,1,2,25,25,NONE,11/8/1999 0:00,6/22/1999 0:00,10/20/1998 0:00,6/25/1998 0:00,11/28/1997 0:00,7/1/1997 0:00,11/23/1996 0:00,6/26/1996 0:00,12,0,0,0,3,5,2.02E+01,27,1.42E+00,1,0,1,3.50E+00,4.80E+00,5.00E+00,0.00E+00,1.75E+00,y,3.20E+00,8/4/1996 0:00,,3.19E+01,2.56E+00,2.60E-01,0.00E+00,0.00E+00,3.00E-02,,,,,,,,,,,,,,,,,,,,,5.00E-02,0.00E+00,0.00E+00,0.00E+00,1.00E-02,,,,,,,,,,,,,,,,R:386-397,-,Y,2,6/23/2000 0:00,700,115,,DW1-2,1.65E+01,12,138,5.11E+01,3.93E+01,10/20/2000 0:00,40,72,1.12E+00,315,9.40E+01,5.60E+00,4.00E-01,5.10E+00,3.49E+01,4.46E+01,8.40E+00,1.00E+00,3.10E+00,1.60E+00,9.00E-01,4.10E+00,6.80E+00,3.90E+01,1.00E+00,1.30E+01,2.00E+01,5.00E+00,4.00E+00,3.00E+00,1.50E+00,1.60E+00,1.80E+00,5.00E+00,1.00E-01,1.90E+00,3.00E-01,1.00E-01,2.55E+01,2.00E+00,0.00E+00,1.00E-01,4.60E+01,0.00E+00,,5.50E+01,7/9/2001 0:00
DW1-6,DW,1,6,25,25,NONE,11/8/1999 0:00,6/22/1999 0:00,10/20/1998 0:00,6/25/1998 0:00,11/28/1997 0:00,7/1/1997 0:00,11/23/1996 0:00,6/26/1996 0:00,17,0,0,3,4,5,1.72E+01,22,1.56E+00,2,0,1,4.40E+00,4.90E+00,5.00E+00,0.00E+00,2.00E+00,y,3.50E+00,8/4/1996 0:00,,3.03E+01,1.46E+00,2.70E-01,0.00E+00,2.00E-02,1.00E-02,,,,,,,,,,,,,,,,,,,,,5.00E-02,,,,2.00E-02,,,,,,,,,,,,,,,,R:425-441,-,Y,6,6/23/2000 0:00,715,100,,DW1-6,1.78E+01,16,133,5.11E+01,3.93E+01,10/20/2000 0:00,40,72,1.73E+00,330,9.40E+01,5.60E+00,4.00E-01,5.10E+00,3.49E+01,4.46E+01,8.40E+00,1.00E+00,3.10E+00,1.60E+00,9.00E-01,4.10E+00,6.90E+00,3.50E+01,2.00E+00,1.00E+01,1.80E+01,4.00E+00,2.00E+00,3.00E+00,1.40E+00,1.20E+00,1.60E+00,4.40E+00,1.00E-01,1.80E+00,3.00E-01,1.00E-01,1.98E+01,2.00E+00,0.00E+00,1.00E-01,4.60E+01,0.00E+00,7.50E+01,5.54E+01,7/9/2001 0:00
DW2A-1,DW,2A,1,25,25,NONE,11/2/1999 0:00,6/24/1999 0:00,10/11/1998 0:00,6/23/1998 0:00,10/2/1997 0:00,5/23/1997 0:00,11/1/1996 0:00,6/28/1996 0:00,255,18,1,289,7,16,1.99E+01,34,2.50E+00,3,1,0,1.86E+00,4.50E+00,5.00E+00,0.00E+00,1.25E+00,n,3.30E+00,7/28/1996 0:00,,8.80E+00,1.90E-01,6.80E-01,2.50E-01,2.70E-01,2.00E-02,,,,,,,,,,,,,,,,,,,,,6.00E-02,2.00E-02,,,,,,,,,,,,,,,,,,,"""P:1-60,BU:301-411,W:1-102""","""BU:305,410,411,P:28,W:4,7,8,10,35,78,86,89,90,94,95,96,101,102""",Y,11,6/22/2000 0:00,583,465,,DW2A-1,1.47E+01,211,166,5.13E+01,3.94E+01,10/26/2000 0:00,40,72,1.03E+00,60,9.70E+01,2.70E+00,3.00E-01,5.40E+00,3.68E+01,4.74E+01,6.80E+00,5.00E-01,1.40E+00,8.00E-01,6.00E-01,4.20E+00,7.10E+00,1.10E+01,2.00E+00,7.00E+00,2.90E+01,6.00E+00,1.00E+00,3.00E+00,2.00E-01,7.70E+00,2.20E+01,7.04E+01,1.00E-01,2.30E+00,4.00E-01,2.00E-01,3.80E+00,3.00E+00,0.00E+00,0.00E+00,6.00E+01,0.00E+00,2.50E+01,2.22E+01,7/12/2001 0:00
DW2C-2,DW,2C,2,25,25,NONE,10/28/1999 0:00,6/22/1999 0:00,10/11/1998 0:00,6/11/1998 0:00,10/2/1997 0:00,6/17/1997 0:00,10/25/1996 0:00,6/28/1996 0:00,306,13,0,313,8,8,2.08E+01,41,1.81E+00,5,1,0,2.50E+00,2.67E+00,5.00E+00,0.00E+00,2.00E+00,n,2.00E+00,7/29/1996 0:00,,1.80E+01,1.04E+00,4.00E-01,4.00E-02,,1.00E-02,,,,,,,,,,,,,,,,,,,,,,,,,,,,,,,,,,,,,,,,,"""BU:442-600,P:157-280,W284-319""","""BU:459,521,544,578,579,580,P:177,179,182,236,250,279,W:299""",Y,21,6/14/2000 0:00,550,515,,DW2C-2,1.22E+01,232,100,5.13E+01,3.94E+01,10/30/2000 0:00,40,72,1.41E+00,25,9.26E+01,7.10E+00,3.00E-01,6.60E+00,3.70E+01,4.09E+01,7.20E+00,1.00E+00,3.40E+00,2.50E+00,1.20E+00,4.10E+00,6.80E+00,3.30E+01,2.00E+00,1.30E+01,3.60E+01,8.00E+00,2.00E+00,6.00E+00,1.60E+00,1.50E+00,3.00E+00,8.50E+00,0.00E+00,3.60E+00,5.00E-01,0.00E+00,2.14E+01,2.00E+00,0.00E+00,0.00E+00,5.30E+01,0.00E+00,5.30E+01,4.90E+01,7/13/2001 0:00
DW2B-1,DW,2B,1,25,25,NONE,11/2/1999 0:00,6/24/1999 0:00,10/13/1998 0:00,6/23/1998 0:00,10/18/1997 0:00,5/23/1997 0:00,11/17/1996 0:00,7/1/1996 0:00,63,2,1,132,13,16,1.54E+01,34,1.30E+00,2,0,1,2.90E+00,4.60E+00,5.00E+00,0.00E+00,2.25E+00,y,3.00E+00,8/7/1996 0:00,,2.20E+01,1.34E+00,9.60E-01,7.00E-02,1.00E-02,0.00E+00,,,,,,,,,,,,,,,,,,,,,0.00E+00,0.00E+00,0.00E+00,0.00E+00,0.00E+00,1.00E-02,,,,,,,,,,,,,,,"""BU:798-820,Y:201-242""","""Y:207,217""",Y,15,6/22/2000 0:00,540,425,,DW2B-1,1.55E+01,221,135,5.13E+01,3.94E+01,10/27/2000 0:00,40,72,9.76E-01,118,9.40E+01,5.50E+00,5.00E-01,6.30E+00,4.05E+01,4.03E+01,6.10E+00,7.00E-01,2.90E+00,1.60E+00,1.00E+00,4.10E+00,6.80E+00,1.80E+01,1.00E+00,1.30E+01,3.10E+01,7.00E+00,1.00E+00,2.00E+00,1.50E+00,1.50E+00,2.60E+00,7.50E+00,1.00E-01,3.50E+00,4.00E-01,1.00E-01,9.80E+00,1.00E+00,0.00E+00,1.00E-01,4.50E+01,0.00E+00,4.90E+01,4.04E+01,7/12/2001 0:00
DW2B-4,DW,2B,4,25,25,NONE,11/2/1999 0:00,6/24/1999 0:00,10/13/1998 0:00,6/23/1998 0:00,10/18/1997 0:00,5/23/1997 0:00,11/17/1996 0:00,7/1/1996 0:00,248,6,0,74,5,5,1.60E+01,21,1.55E+00,2,0,0,2.70E+00,2.50E+00,5.00E+00,0.00E+00,1.25E+00,y,2.30E+00,9/5/1996 0:00,,5.43E+01,3.22E+00,4.40E-01,9.00E-02,,,,,,,,,,,,,,,,,,,,,,,,,,,,,,,,,,,,,,,,,,,"""BU:751-775,887-981,Y:353-486""","""BU:888,889,935,964,969""",Y,18,6/22/2000 0:00,500,435,,DW2B-4,1.25E+01,224,144,5.13E+01,3.94E+01,10/27/2000 0:00,40,72,1.82E+00,143,9.40E+01,5.50E+00,5.00E-01,6.30E+00,4.05E+01,4.03E+01,6.10E+00,7.00E-01,2.90E+00,1.60E+00,1.00E+00,4.00E+00,6.90E+00,3.70E+01,1.00E+00,1.30E+01,2.60E+01,6.00E+00,3.00E+00,2.00E+00,1.50E+00,1.60E+00,2.40E+00,6.20E+00,1.00E-01,2.40E+00,4.00E-01,1.00E-01,1.90E+01,2.00E+00,0.00E+00,1.00E-01,4.60E+01,0.00E+00,9.30E+01,8.80E+01,7/12/2001 0:00
DW2-XS,DW,2B,XS,64,64,EXCLOS,11/5/1999 0:00,6/23/1999 0:00,10/13/1998 0:00,6/17/1998 0:00,11/28/1997 0:00,6/27/1997 0:00,11/17/1996 0:00,7/10/1996 0:00,346,21,0,,,,,,,,,,,,,,,,,,,,,,,,,,,,,,,,,,,,,,,,,,,,,,,,,,,,,,,,,,,,,,,,,"""G:46-150,556-585,R:912-1000,W:501-638""","""G:54,76,97,99,100,558,583R:915,916,917,918,919,970,991,W:512,513,514,554,575,620,621""",Y,10,6/20/2000 0:00,,,,DW2B-XS,,,,,,10/25/2000 0:00,,,1.76E+00,,9.40E+01,5.50E+00,5.00E-01,6.30E+00,4.05E+01,4.03E+01,6.10E+00,7.00E-01,2.90E+00,1.60E+00,1.00E+00,4.10E+00,6.90E+00,2.70E+01,1.00E+00,1.00E+01,3.20E+01,6.00E+00,2.00E+00,3.00E+00,1.50E+00,1.20E+00,2.10E+00,7.80E+00,1.00E-01,3.50E+00,4.00E-01,1.00E-01,2.07E+01,2.00E+00,0.00E+00,0.00E+00,4.50E+01,0.00E+00,7.70E+01,4.90E+01,7/11/2001 0:00
RP2-6,RP,2,6,25,25,NONE,11/9/1999 0:00,6/25/1999 0:00,10/20/1998 0:00,6/9/1998 0:00,11/26/1997 0:00,6/11/1997 0:00,11/22/1996 0:00,7/2/1996 0:00,27,0,0,2,1,1,7.80E+01,78,1.15E+01,11,0,1,2.50E+00,3.50E+00,5.00E+00,3.80E+00,1.15E+01,y,1.80E+00,9/15/1996 0:00,,1.17E+01,3.12E+00,,,1.70E-01,1.28E+01,8.70E+00,,,,,,9.00E-02,1.14E+00,5.00E-02,,,4.00E-01,,,,1.00E-02,,,,,,,,,,,,,,,,,,,4.00E-02,,,,,,G:280-306,-,Y,44,6/13/2000 0:00,,,,RP2-6,1.28E+01,26,122,5.45E+01,5.45E+01,11/13/2000 0:00,40,72,2.50E+00,,9.54E+01,2.80E+00,1.80E+00,1.08E+01,4.14E+01,3.39E+01,8.10E+00,1.20E+00,1.10E+00,1.40E+00,3.00E-01,4.10E+00,6.30E+00,4.00E+01,3.00E+00,1.60E+01,3.90E+01,1.00E+01,3.00E+00,2.00E+00,5.80E+00,5.00E-01,1.00E+00,2.50E+00,1.00E-01,1.56E+01,5.00E-01,0.00E+00,2.56E+01,3.00E+00,0.00E+00,0.00E+00,6.20E+01,0.00E+00,5.60E+01,1.96E+01,7/18/2001 0:00
RP2-1,RP,2,1,25,25,NONE,11/9/1999 0:00,6/25/1999 0:00,10/24/1998 0:00,6/9/1998 0:00,11/26/1997 0:00,6/11/1997 0:00,11/22/1996 0:00,7/5/1996 0:00,17,2,0,0,0,0,0.00E+00,0,0.00E+00,0,0,0,2.10E+00,3.50E+00,5.00E+00,2.20E+00,0.00E+00,y,1.70E+00,9/15/1996 0:00,,1.13E+01,5.60E-01,2.34E+00,,2.40E-01,2.72E+00,9.00E-01,,,,,,,2.60E-01,5.80E-01,,,2.00E-01,,,,2.80E-01,,,,,,,,,,,,,,,,,,,,,,,,,G:324-342,"""G:325,327""",Y,39,6/9/2000 0:00,,,,RP2-1,1.23E+01,21,122,5.45E+01,5.45E+01,11/13/2000 0:00,40,72,2.49E+00,,9.54E+01,2.80E+00,1.80E+00,1.08E+01,4.14E+01,3.39E+01,8.10E+00,1.20E+00,1.10E+00,1.40E+00,3.00E-01,4.00E+00,6.10E+00,7.00E+01,4.00E+00,1.60E+01,5.30E+01,1.10E+01,6.00E+00,2.00E+00,8.00E+00,4.00E-01,9.00E-01,2.60E+00,1.00E-01,1.61E+01,6.00E-01,0.00E+00,4.91E+01,2.00E+00,0.00E+00,0.00E+00,5.40E+01,0.00E+00,5.20E+01,4.30E+01,7/18/2001 0:00
RP1-6,RP,1,6,25,25,NONE,11/9/1999 0:00,6/25/1999 0:00,10/24/1998 0:00,6/9/1998 0:00,11/26/1997 0:00,6/11/1997 0:00,11/22/1996 0:00,7/5/1996 0:00,40,2,0,30,2,2,1.04E+02,105,1.30E+01,13,0,0,3.00E+00,3.00E+00,5.00E+00,3.00E+00,1.35E+01,y,2.00E+00,9/14/1996 0:00,,2.30E+00,6.80E-01,8.00E-02,,1.00E-02,1.68E+00,4.10E+00,,,,,,2.80E-01,2.80E-01,4.00E-02,,,1.60E-01,,,,,1.00E-02,6.00E-02,,,,,,,,,,,,,,,,,,,,,,,G:359-400,"""G:364,371""",Y,36,6/8/2000 0:00,,,,RP1-6,1.30E+01,16,113,5.46E+01,5.53E+01,11/9/2000 0:00,40,72,2.40E+00,,9.28E+01,5.10E+00,2.10E+00,9.60E+00,3.80E+01,3.64E+01,8.00E+00,8.00E-01,2.10E+00,2.30E+00,7.00E-01,4.10E+00,6.20E+00,1.03E+02,4.00E+00,1.30E+01,3.80E+01,1.00E+01,8.00E+00,2.00E+00,6.60E+00,4.00E-01,9.00E-01,2.10E+00,1.00E-01,1.04E+01,6.00E-01,3.00E-01,5.05E+01,2.00E+00,0.00E+00,2.00E-01,5.20E+01,1.00E-01,2.60E+01,4.60E+00,7/18/2001 0:00
RP1-1,RP,1,1,25,25,NONE,11/9/1999 0:00,6/25/1999 0:00,10/24/1998 0:00,6/9/1998 0:00,11/26/1997 0:00,6/11/1997 0:00,11/22/1996 0:00,7/5/1996 0:00,11,0,0,1,1,1,7.30E+01,73,1.10E+01,11,0,0,3.00E+00,3.00E+00,5.00E+00,3.80E+00,1.10E+01,y,1.70E+00,9/14/1996 0:00,,1.60E+01,2.88E+00,,,1.00E-02,3.36E+00,3.80E+00,,6.00E-01,,,,4.00E-02,2.00E-01,2.60E-01,,1.00E-02,,,,,,2.40E-01,,,,,,,,,,,,,,,,,,,,,,,,G:401-411,-,Y,31,6/7/2000 0:00,,,,RP1-1,1.27E+01,11,112,5.46E+01,5.53E+01,11/9/2000 0:00,40,72,2.08E+00,,9.28E+01,5.10E+00,2.10E+00,9.60E+00,3.80E+01,3.64E+01,8.00E+00,8.00E-01,2.10E+00,2.30E+00,7.00E-01,4.20E+00,6.20E+00,7.80E+01,3.00E+00,1.90E+01,3.70E+01,1.00E+01,6.00E+00,3.00E+00,6.80E+00,6.00E-01,9.00E-01,2.00E+00,1.00E-01,9.80E+00,5.00E-01,4.00E-01,3.13E+01,2.00E+00,0.00E+00,1.00E-01,5.70E+01,1.00E-01,4.30E+01,2.68E+01,7/18/2001 0:00
DW3-2NE,DW,3,2,1,1,SUBPLOT,11/8/1999 0:00,6/16/1999 0:00,10/13/1998 0:00,6/11/1998 0:00,10/3/1997 0:00,5/29/1997 0:00,11/23/1996 0:00,7/8/1996 0:00,59,2,1,,,,,,,,,,,,,,,,,,,5.00E+00,,,,,,,,,,,,,,,,,,,,,,,,,,,,,,,,,,,,,,,,,,,,,,G:465-525,"""G:471,494""",,,6/19/2000 0:00,,,NE,DW3-2,,,,,,11/2/2000 0:00,,,,,9.21E+01,7.50E+00,4.00E-01,6.10E+00,3.64E+01,4.03E+01,7.60E+00,1.80E+00,4.30E+00,2.10E+00,1.00E+00,3.90E+00,6.70E+00,3.20E+01,1.00E+00,1.00E+01,3.20E+01,7.00E+00,4.00E+00,5.00E+00,2.30E+00,8.00E-01,1.60E+00,4.90E+00,0.00E+00,2.70E+00,5.00E-01,1.00E-01,2.68E+01,1.00E+00,0.00E+00,1.00E-01,4.50E+01,0.00E+00,1.50E+01,,7/16/2001 0:00
DW1-XS,DW,1,XS,64,64,EXCLOS,11/5/1999 0:00,6/22/1999 0:00,10/20/1998 0:00,6/25/1998 0:00,11/28/1997 0:00,7/1/1997 0:00,11/23/1996 0:00,7/10/1996 0:00,262,4,0,,,,,,,,,,,,,,,,,,,,,,,,,,,,,,,,,,,,,,,,,,,,,,,,,,,,,,,,,,,,,,,,,"""G:586-717,W:639-751""","""W:682,693,703,723""",Y,8,6/23/2000 0:00,,,,DW1-XS,,,,5.11E+01,3.93E+01,10/25/2000 0:00,40,72,1.40E+00,,9.40E+01,5.60E+00,4.00E-01,5.10E+00,3.49E+01,4.46E+01,8.40E+00,1.00E+00,3.10E+00,1.60E+00,9.00E-01,4.10E+00,6.80E+00,3.80E+01,2.00E+00,1.00E+01,2.30E+01,5.00E+00,5.00E+00,3.00E+00,1.50E+00,1.20E+00,1.90E+00,5.70E+00,1.00E-01,2.60E+00,3.00E-01,2.00E-01,2.90E+01,2.00E+00,0.00E+00,1.00E-01,5.00E+01,0.00E+00,6.40E+01,4.96E+01,7/9/2001 0:00
DW3-3NE,DW,3,3,1,1,SUBPLOT,11/8/1999 0:00,6/16/1999 0:00,10/13/1998 0:00,6/11/1998 0:00,10/1/1997 0:00,5/29/1997 0:00,11/29/1996 0:00,7/14/1996 0:00,19,0,0,,,,,,,,,,,,,,,,,,,1.00E+00,,,,,,,,,,,,,,,,,,,,,,,,,,,,,,,,,,,,,,,,,,,,,,W:824-842,-,,,6/19/2000 0:00,,,NE,DW3-3,,,,,,11/2/2000 0:00,,,,,9.21E+01,7.50E+00,4.00E-01,6.10E+00,3.64E+01,4.03E+01,7.60E+00,1.80E+00,4.30E+00,2.10E+00,1.00E+00,3.80E+00,6.60E+00,4.80E+01,3.00E+00,1.30E+01,2.70E+01,7.00E+00,6.00E+00,6.00E+00,3.30E+00,8.00E-01,1.30E+00,3.00E+00,0.00E+00,3.00E+00,4.00E-01,4.00E-01,3.49E+01,2.00E+00,0.00E+00,0.00E+00,5.20E+01,0.00E+00,1.00E+01,,7/16/2001 0:00
DW2A-5,DW,2A,5,25,25,NONE,11/2/1999 0:00,6/24/1999 0:00,10/11/1998 0:00,6/23/1998 0:00,10/18/1997 0:00,5/23/1997 0:00,11/17/1996 0:00,6/17/1996 0:00,68,4,0,136,4,5,1.94E+01,25,1.30E+00,2,0,0,2.60E+00,5.00E+00,5.00E+00,0.00E+00,1.50E+00,y,2.00E+00,7/28/1996 0:00,,6.60E+00,2.00E-01,1.16E+00,,,,,,,,,,,,,,,,,,,,,,,,,,,,,,,,,,,,,,,,,,,,"""R:51-75,118,119,122-158,160-167""","""R:69,143,149,166""",,,6/22/2000 0:00,570,410,,DW2A-5,1.46E+01,215,120,5.13E+01,3.94E+01,10/26/2000 0:00,40,72,,108,9.70E+01,2.70E+00,3.00E-01,5.40E+00,3.68E+01,4.74E+01,6.80E+00,5.00E-01,1.40E+00,8.00E-01,6.00E-01,,,,,,,,,,,,,,,,,,,,,,,,2.90E+01,1.82E+01,7/12/2001 0:00
RP1-7,RP,1,7,25,25,NONE,11/9/1999 0:00,6/25/1999 0:00,10/24/1998 0:00,6/9/1998 0:00,11/26/1997 0:00,6/11/1997 0:00,11/22/1996 0:00,7/2/1996 0:00,27,2,0,238,3,3,8.83E+01,106,1.32E+01,14,0,0,3.00E+00,3.00E+00,5.00E+00,3.00E+00,1.40E+01,y,2.00E+00,9/14/1996 0:00,,1.21E+01,9.00E-01,,,3.00E-02,2.08E+00,3.20E+00,,,,,,1.70E-01,3.60E-01,4.00E-01,,5.00E-02,,,,,,,,,,,,,,,,,,,,,,,,,,,,,,G:251-279,"""G:255,258""",Y,37,6/8/2000 0:00,,,,RP1-7,1.30E+01,17,113,5.46E+01,5.53E+01,11/9/2000 0:00,40,72,2.56E+00,,9.28E+01,5.10E+00,2.10E+00,9.60E+00,3.80E+01,3.64E+01,8.00E+00,8.00E-01,2.10E+00,2.30E+00,7.00E-01,4.20E+00,6.20E+00,8.10E+01,3.00E+00,1.30E+01,5.10E+01,1.10E+01,8.00E+00,2.00E+00,7.00E+00,4.00E-01,1.00E+00,2.80E+00,1.00E-01,1.28E+01,6.00E-01,3.00E-01,4.01E+01,2.00E+00,0.00E+00,1.00E-01,5.60E+01,1.00E-01,4.60E+01,1.78E+01,7/18/2001 0:00
DW3-4NE,DW,3,4,1,1,SUBPLOT,11/8/1999 0:00,6/16/1999 0:00,10/13/1998 0:00,6/11/1998 0:00,10/11/1997 0:00,5/29/1997 0:00,11/23/1996 0:00,7/14/1996 0:00,26,1,0,,,,,,,,,,,,,,,,,,,8.50E+01,,,,,,,,,,,,,,,,,,,,,,,,,,,,,,,,,,,,,,,,,,,,,,W:921-946,W:945,,,6/19/2000 0:00,,,NE,DW3-4,,,,,,11/2/2000 0:00,,,,,9.21E+01,7.50E+00,4.00E-01,6.10E+00,3.64E+01,4.03E+01,7.60E+00,1.80E+00,4.30E+00,2.10E+00,1.00E+00,3.90E+00,6.60E+00,4.30E+01,2.00E+00,1.30E+01,4.90E+01,9.00E+00,4.00E+00,5.00E+00,3.30E+00,7.00E-01,1.60E+00,5.40E+00,0.00E+00,4.70E+00,6.00E-01,3.00E-01,3.24E+01,2.00E+00,0.00E+00,1.00E-01,5.40E+01,0.00E+00,2.50E+01,,7/16/2001 0:00
DW3-4SW,DW,3,4,1,1,SUBPLOT,11/18/1999 0:00,6/16/1999 0:00,10/13/1998 0:00,6/11/1998 0:00,10/11/1997 0:00,5/29/1997 0:00,11/23/1996 0:00,7/14/1996 0:00,27,1,0,,,,,,,,,,,,,,,,,,,6.50E+01,,,,,,,,,,,,,,,,,,,,,,,,,,,,,,,,,,,,,,,,,,,,,,"""G:765-767,W:976-1000""",W:980,,,6/19/2000 0:00,,,SW,DW3-4,,,,,,11/2/2000 0:00,,,,,9.21E+01,7.50E+00,4.00E-01,6.10E+00,3.64E+01,4.03E+01,7.60E+00,1.80E+00,4.30E+00,2.10E+00,1.00E+00,3.90E+00,6.60E+00,4.30E+01,2.00E+00,1.30E+01,4.90E+01,9.00E+00,4.00E+00,5.00E+00,3.30E+00,7.00E-01,1.60E+00,5.40E+00,0.00E+00,4.70E+00,6.00E-01,3.00E-01,3.24E+01,2.00E+00,0.00E+00,1.00E-01,5.40E+01,0.00E+00,5.00E+01,,7/16/2001 0:00
DW3-5SW,DW,3,5,1,1,SUBPLOT,11/8/1999 0:00,6/16/1999 0:00,10/13/1998 0:00,6/11/1998 0:00,10/11/1997 0:00,5/29/1997 0:00,11/29/1996 0:00,7/14/1996 0:00,15,0,0,,,,,,,,,,,,,,,,,,,3.10E+01,,,,,,,,,,,,,,,,,,,,,,,,,,,,,,,,,,,,,,,,,,,,,,"""P:374-382,384,386-390""",-,,,6/19/2000 0:00,,,SW,DW3-5,,,,,,11/2/2000 0:00,,,,,9.21E+01,7.50E+00,4.00E-01,6.10E+00,3.64E+01,4.03E+01,7.60E+00,1.80E+00,4.30E+00,2.10E+00,1.00E+00,3.90E+00,6.50E+00,4.60E+01,3.00E+00,1.90E+01,3.90E+01,1.00E+01,4.00E+00,6.00E+00,4.10E+00,9.00E-01,1.50E+00,3.50E+00,1.00E-01,3.60E+00,8.00E-01,2.00E-01,3.85E+01,2.00E+00,0.00E+00,1.00E-01,5.70E+01,0.00E+00,8.00E+01,,7/16/2001 0:00
DW3-1NW,DW,3,1,1,1,SUBPLOT,11/18/1999 0:00,6/16/1999 0:00,10/13/1998 0:00,6/11/1998 0:00,10/3/1997 0:00,5/29/1997 0:00,11/23/1996 0:00,7/14/1996 0:00,11,0,0,,,,,,,,,,,,,,,,,,,4.00E+01,,,,,,,,,,,,,,,,,,,,,,,,,,,,,,,,,,,,,,,,,,,,,,P:418-428,-,,,6/19/2000 0:00,,,NW,DW3-1,,,,,,11/2/2000 0:00,,,,,9.21E+01,7.50E+00,4.00E-01,6.10E+00,3.64E+01,4.03E+01,7.60E+00,1.80E+00,4.30E+00,2.10E+00,1.00E+00,3.90E+00,6.70E+00,3.80E+01,2.00E+00,1.00E+01,3.30E+01,9.00E+00,3.00E+00,3.00E+00,2.50E+00,8.00E-01,2.30E+00,5.00E+00,1.00E-01,3.70E+00,5.00E-01,2.00E-01,2.33E+01,2.00E+00,0.00E+00,1.00E-01,5.10E+01,0.00E+00,7.00E+01,,7/16/2001 0:00
SCC5-2,SC,5,2,25,25,NONE,11/11/1999 0:00,6/17/1999 0:00,10/23/1998 0:00,6/10/1998 0:00,10/11/1997 0:00,6/12/1997 0:00,11/2/1996 0:00,7/17/1996 0:00,53,2,0,15,3,3,2.87E+01,44,4.83E+00,8,0,0,3.00E+00,4.00E+00,5.00E+00,0.00E+00,8.00E+00,y,3.20E+00,9/8/1996 0:00,,7.46E+01,3.18E+00,7.00E-01,,,2.00E-02,,,,,,,,,3.20E-02,3.00E-02,,6.00E-02,,9.00E-01,,,2.00E-02,,,,,,,,,,,,,,,,,,,,,,,,"""G:920-940,P:467-500""","""P:475,491""",Y,46,6/13/2000 0:00,,,,SCC5-2,1.52E+01,,180,5.15E+01,4.21E+01,11/8/2000 0:00,40,72,2.33E+00,,7.51E+01,2.19E+01,3.00E+00,2.60E+00,1.88E+01,3.62E+01,1.31E+01,4.40E+00,1.12E+01,8.10E+00,2.70E+00,4.20E+00,6.20E+00,1.64E+02,3.00E+00,2.20E+01,3.60E+01,1.00E+01,1.40E+01,2.00E+00,7.10E+00,6.00E-01,9.00E-01,2.00E+00,2.00E-01,4.10E+00,6.00E-01,3.00E-01,4.53E+01,2.00E+00,0.00E+00,2.00E-01,5.30E+01,1.00E-01,8.70E+01,8.18E+01,7/16/2001 0:00
SCC5-4,SC,5,4,25,25,NONE,11/11/1999 0:00,6/18/1999 0:00,10/23/1998 0:00,6/10/1998 0:00,10/11/1997 0:00,6/19/1997 0:00,11/2/1996 0:00,7/17/1996 0:00,19,0,0,27,3,3,3.53E+01,41,5.60E+00,6,0,0,3.00E+00,4.00E+00,5.00E+00,0.00E+00,6.00E+00,y,1.80E+00,9/8/1996 0:00,,2.76E+01,1.88E+00,5.20E-01,,,3.00E-02,,,,,,,2.00E-02,,3.80E-01,,6.00E-02,,1.00E-02,2.72E+00,1.00E-02,,2.40E-01,,3.20E-01,,,,,,,,,,,,,,,,,,,2.00E-02,,,G:971-989,-,Y,48,6/14/2000 0:00,,,,SCC5-4,1.38E+01,,180,5.15E+01,4.21E+01,11/8/2000 0:00,40,72,2.97E+00,,7.51E+01,2.19E+01,3.00E+00,2.60E+00,1.88E+01,3.62E+01,1.31E+01,4.40E+00,1.12E+01,8.10E+00,2.70E+00,4.30E+00,6.20E+00,1.67E+02,2.00E+00,2.20E+01,3.30E+01,9.00E+00,1.20E+01,2.00E+00,7.50E+00,6.00E-01,8.00E-01,1.80E+00,1.00E-01,3.30E+00,6.00E-01,4.00E-01,3.76E+01,3.00E+00,0.00E+00,1.00E-01,5.80E+01,1.00E-01,7.00E+01,7.64E+01,7/16/2001 0:00
DW2A-U1,DW,2A,U1,1,1,UNCLIP,11/2/1999 0:00,6/22/1999 0:00,10/20/1998 0:00,6/23/1998 0:00,10/18/1997 0:00,6/27/1997 0:00,11/17/1996 0:00,7/22/1996 0:00,17,2,0,,,,,,,,,,,,,,,,,,,,,,,,,,,,,,,,,,,,,,,,,,,,,,,,,,,,,,,,,,,,,,,,,P:774-792,"""787,789""",,,6/20/2000 0:00,,,,DW2A-U1,,,,,,10/26/2000 0:00,,,,,9.70E+01,2.70E+00,3.00E-01,5.40E+00,3.68E+01,4.74E+01,6.80E+00,5.00E-01,1.40E+00,8.00E-01,6.00E-01,,,,,,,,,,,,,,,,,,,,,,,,,,7/12/2001 0:00
DW3-U1,DW,3,U1,1,1,UNCLIP,11/8/1999 0:00,6/16/1999 0:00,10/13/1998 0:00,6/11/1998 0:00,10/11/1997 0:00,5/29/1997 0:00,11/29/1996 0:00,7/24/1996 0:00,36,0,0,,,,,,,,,,,,,,,,,,,,,,,,,,,,,,,,,,,,,,,,,,,,,,,,,,,,,,,,,,,,,,,,,P:869-904,-,,,6/19/2000 0:00,,,,DW3-U1,,,,,,11/2/2000 0:00,,,,,9.21E+01,7.50E+00,4.00E-01,6.10E+00,3.64E+01,4.03E+01,7.60E+00,1.80E+00,4.30E+00,2.10E+00,1.00E+00,,,,,,,,,,,,,,,,,,,,,,,,,,7/16/2001 0:00
DW3-U2,DW,3,U2,1,1,UNCLIP,11/8/1999 0:00,6/16/1999 0:00,10/13/1998 0:00,6/11/1998 0:00,10/11/1997 0:00,5/29/1997 0:00,11/29/1996 0:00,7/25/1996 0:00,40,0,0,,,,,,,,,,,,,,,,,,,,,,,,,,,,,,,,,,,,,,,,,,,,,,,,,,,,,,,,,,,,,,,,,Y:526-565,-,,,6/19/2000 0:00,,,,DW3-U2,,,,,,11/2/2000 0:00,,,,,9.21E+01,7.50E+00,4.00E-01,6.10E+00,3.64E+01,4.03E+01,7.60E+00,1.80E+00,4.30E+00,2.10E+00,1.00E+00,,,,,,,,,,,,,,,,,,,,,,,,,,7/16/2001 0:00
DW3-U4,DW,3,U4,1,1,UNCLIP,11/8/1999 0:00,6/16/1999 0:00,10/13/1998 0:00,6/11/1998 0:00,10/11/1997 0:00,5/29/1997 0:00,11/29/1996 0:00,7/25/1996 0:00,66,0,0,,,,,,,,,,,,,,,,,,,,,,,,,,,,,,,,,,,,,,,,,,,,,,,,,,,,,,,,,,,,,,,,,Y:698-763,-,,,6/19/2000 0:00,,,,DW3-U4,,,,,,11/2/2000 0:00,,,,,9.21E+01,7.50E+00,4.00E-01,6.10E+00,3.64E+01,4.03E+01,7.60E+00,1.80E+00,4.30E+00,2.10E+00,1.00E+00,,,,,,,,,,,,,,,,,,,,,,,,,,7/16/2001 0:00
DW3-U5,DW,3,U5,1,1,UNCLIP,11/8/1999 0:00,6/16/1999 0:00,10/13/1998 0:00,6/11/1998 0:00,10/11/1997 0:00,5/29/1997 0:00,11/29/1996 0:00,7/25/1996 0:00,38,0,0,,,,,,,,,,,,,,,,,,,,,,,,,,,,,,,,,,,,,,,,,,,,,,,,,,,,,,,,,,,,,,,,,Y:794-831,-,,,6/19/2000 0:00,,,,DW3-U5,,,,,,11/2/2000 0:00,,,,,9.21E+01,7.50E+00,4.00E-01,6.10E+00,3.64E+01,4.03E+01,7.60E+00,1.80E+00,4.30E+00,2.10E+00,1.00E+00,,,,,,,,,,,,,,,,,,,,,,,,,,7/16/2001 0:00
DW2B-U1,DW,2B,U1,1,1,UNCLIP,11/2/1999 0:00,6/22/1999 0:00,10/20/1998 0:00,6/23/1998 0:00,10/18/1997 0:00,6/27/1997 0:00,11/17/1996 0:00,7/29/1996 0:00,27,0,0,,,,,,,,,,,,,,,,,,,,,,,,,,,,,,,,,,,,,,,,,,,,,,,,,,,,,,,,,,,,,,,,,Y:855-881,-,,,6/16/2000 0:00,,,,DW2B-U1,,,,,,10/27/2000 0:00,,,,,9.40E+01,5.50E+00,5.00E-01,6.30E+00,4.05E+01,4.03E+01,6.10E+00,7.00E-01,2.90E+00,1.60E+00,1.00E+00,,,,,,,,,,,,,,,,,,,,,,,,,,7/12/2001 0:00
DW3-1,DW,3,1,25,4,NONE,11/8/1999 0:00,6/16/1999 0:00,10/13/1998 0:00,6/11/1998 0:00,10/3/1997 0:00,5/29/1997 0:00,11/23/1996 0:00,7/14/1996 0:00,0,0,0,397,11,18,2.31E+01,45,2.27E+00,4,6,1,1.40E+00,1.00E+00,3.00E+00,0.00E+00,7.50E-01,n,1.50E+00,8/7/1996 0:00,,1.13E+01,1.18E+00,3.10E+00,4.00E-02,0.00E+00,2.00E-02,,,,,,,,,,,,,,,,,,,,,0.00E+00,0.00E+00,0.00E+00,0.00E+00,1.00E-02,0.00E+00,1.00E-02,,,,,,,,,,,,,,,,Y,26,6/19/2000 0:00,30,1010,,DW3-1,6.90E+00,31,109,5.17E+01,3.99E+01,11/2/2000 0:00,40,72,1.69E+00,85,9.21E+01,7.50E+00,4.00E-01,6.10E+00,3.64E+01,4.03E+01,7.60E+00,1.80E+00,4.30E+00,2.10E+00,1.00E+00,3.90E+00,6.70E+00,3.80E+01,2.00E+00,1.00E+01,3.30E+01,9.00E+00,3.00E+00,3.00E+00,2.50E+00,8.00E-01,2.30E+00,5.00E+00,1.00E-01,3.70E+00,5.00E-01,2.00E-01,2.33E+01,2.00E+00,0.00E+00,1.00E-01,5.10E+01,0.00E+00,7.13E+01,2.40E+01,7/16/2001 0:00
DW3-4,DW,3,4,25,4,NONE,11/8/1999 0:00,6/16/1999 0:00,10/13/1998 0:00,6/11/1998 0:00,10/11/1997 0:00,5/29/1997 0:00,11/29/1996 0:00,7/14/1996 0:00,0,0,0,262,8,11,2.05E+01,30,2.09E+00,3,3,1,1.50E+00,2.30E+00,4.60E+00,0.00E+00,1.00E+00,n,1.60E+00,8/5/1996 0:00,,2.40E+01,2.60E+00,2.80E-01,9.00E-02,7.70E-01,1.00E-01,,,,,,,,,,,,,,,,,,,,,0.00E+00,0.00E+00,0.00E+00,0.00E+00,1.00E-02,0.00E+00,1.00E-02,,,,,,,,,,,,,,,,Y,29,6/19/2000 0:00,40,1035,,DW3-4,1.00E+01,34,110,5.17E+01,3.99E+01,11/2/2000 0:00,40,72,1.82E+00,,9.21E+01,7.50E+00,4.00E-01,6.10E+00,3.64E+01,4.03E+01,7.60E+00,1.80E+00,4.30E+00,2.10E+00,1.00E+00,3.90E+00,6.60E+00,4.30E+01,2.00E+00,1.30E+01,4.90E+01,9.00E+00,4.00E+00,5.00E+00,3.30E+00,7.00E-01,1.60E+00,5.40E+00,0.00E+00,4.70E+00,6.00E-01,3.00E-01,3.24E+01,2.00E+00,0.00E+00,1.00E-01,5.40E+01,0.00E+00,6.38E+01,3.72E+01,7/16/2001 0:00
DW4-1,DW,4,1,25,25,UNBURN,,,,,,,,,0,0,0,0,0,0,,0,,0,0,0,,,,,,,,9/20/1996 0:00,7.34E+01,4.11E+01,1.52E+01,7.34E+00,,1.10E+00,,,,,,,1.00E-02,,,,,,,,,,,,,,,,,,,,,,,,,,,,,,,,,,,,,,,,,,,DW4-1,,,,,,,,,,,,,,,,,,,,,,,,,,,,,,,,,,,,,,,,,,,,,,2.92E+01,
DW4-2,DW,4,2,25,25,UNBURN,,,,,,,,,0,0,0,0,12,13,2.74E+01,48,2.09E+00,3,12,0,0.00E+00,0.00E+00,0.00E+00,0.00E+00,0.00E+00,n,0.00E+00,9/27/1996 0:00,7.76E+01,1.62E+01,1.84E+00,8.76E+00,,1.90E+00,,,,,,,1.00E-02,,,,,,,,,,,,,,,,,,,,,,,,,,,,,,,,,,,,,,,,,,,DW4-2,0.00E+00,,,,,,,,,,,,,,,,,,,,,,,,,,,,,,,,,,,,,,,,,,,,,4.70E+00,12/30/1999 0:00
RP3-1,RP,3,1,25,25,UNBURN,,,,,,,,,0,0,0,66,3,3,6.70E+01,104,1.82E+01,23,3,0,0.00E+00,0.00E+00,0.00E+00,0.00E+00,0.00E+00,n,0.00E+00,10/6/1996 0:00,4.40E+01,1.72E+00,1.22E+01,4.84E+00,,,,3.62E+01,,,,,,,,,,,,,,,,,,,,,,,,,,,,,,,,,,,,,,,,,,,,,,,,RP3-1,0.00E+00,,,,,,,,,,9.54E+01,2.80E+00,1.80E+00,1.08E+01,4.14E+01,3.39E+01,8.10E+00,1.20E+00,1.10E+00,1.40E+00,3.00E-01,,,,,,,,,,,,,,,,,,,,,,,,,4.20E+00,
SCCC-1,SC,C,1,25,25,UNBURN,,,,,,,,,0,0,0,63,3,4,4.70E+01,81,1.10E+01,13,3,0,0.00E+00,0.00E+00,0.00E+00,0.00E+00,0.00E+00,n,0.00E+00,10/4/1996 0:00,5.90E+01,1.94E+01,4.12E+00,1.78E+01,,,,,,,,,,,,,,,,,2.80E+00,,,,,,,,,,,,,,,,,,,,,,,,,,,,,,,,,,,SCCC-1,0.00E+00,,,,,,,,,,,,,,,,,,,,,,,,,,,,,,,,,,,,,,,,,,,,,2.80E+01,
SCCC-2,SC,C,2,25,25,UNBURN,,,,,,,,,0,0,0,85,1,1,1.11E+02,111,2.30E+01,23,1,0,0.00E+00,0.00E+00,0.00E+00,0.00E+00,0.00E+00,n,0.00E+00,10/5/1996 0:00,5.56E+01,1.20E+01,1.40E+01,2.16E+01,,,,2.86E+01,,,,,,,,,,,,,8.00E-01,,,,,,,,,,,,,,,,,,,,,,,,,,,,,,,,,,,SCCC-2,0.00E+00,,,,,,,,,,,,,,,,,,,,,,,,,,,,,,,,,,,,,,,,,,,,,2.30E+01,
DW3-5,DW,3,5,25,4,NONE,11/8/1999 0:00,6/16/1999 0:00,10/13/1998 0:00,6/11/1998 0:00,10/11/1997 0:00,5/29/1997 0:00,11/29/1996 0:00,7/14/1996 0:00,0,0,0,462,10,16,1.93E+01,32,2.15E+00,3,3,2,1.60E+00,2.00E+00,4.40E+00,0.00E+00,7.50E-01,n,1.50E+00,8/5/1996 0:00,,1.25E+01,2.48E+00,4.50E-01,0.00E+00,6.40E-01,5.00E-02,,,,,,,,,,,,,,,,,,,,,0.00E+00,0.00E+00,0.00E+00,0.00E+00,0.00E+00,0.00E+00,1.00E-02,1.00E-02,1.00E-02,1.00E-02,,,,,,,,,,,,,Y,30,6/19/2000 0:00,50,1020,,DW3-5,9.50E+00,35,116,5.16E+01,3.99E+01,11/2/2000 0:00,40,72,1.97E+00,,9.21E+01,7.50E+00,4.00E-01,6.10E+00,3.64E+01,4.03E+01,7.60E+00,1.80E+00,4.30E+00,2.10E+00,1.00E+00,3.90E+00,6.50E+00,4.60E+01,3.00E+00,1.90E+01,3.90E+01,1.00E+01,4.00E+00,6.00E+00,4.10E+00,9.00E-01,1.50E+00,3.50E+00,1.00E-01,3.60E+00,8.00E-01,2.00E-01,3.85E+01,2.00E+00,0.00E+00,1.00E-01,5.70E+01,0.00E+00,7.75E+01,4.40E+01,7/16/2001 0:00
DW3-C3,DW,3,C3,1,1,CLIPPED,11/8/1999 0:00,6/16/1999 0:00,10/13/1998 0:00,6/11/1998 0:00,10/11/1997 0:00,5/29/1997 0:00,11/29/1996 0:00,7/25/1996 0:00,36,0,0,,,,,,,,,,,,,,,,,,,,,,,,,,,,,,,,,,,,,,,,,,,,,,,,,,,,,,,,,,,,,,,,,Y:566-601,-,,,6/19/2000 0:00,,,,DW3-C3,,,,,,11/2/2000 0:00,,,,,9.21E+01,7.50E+00,4.00E-01,6.10E+00,3.64E+01,4.03E+01,7.60E+00,1.80E+00,4.30E+00,2.10E+00,1.00E+00,,,,,,,,,,,,,,,,,,,,,,,,,,7/16/2001 0:00
DW3-U3,DW,3,U3,1,1,UNCLIP,11/8/1999 0:00,6/16/1999 0:00,10/13/1998 0:00,6/11/1998 0:00,10/11/1997 0:00,5/29/1997 0:00,11/29/1996 0:00,7/25/1996 0:00,28,0,0,,,,,,,,,,,,,,,,,,,,,,,,,,,,,,,,,,,,,,,,,,,,,,,,,,,,,,,,,,,,,,,,,Y:602-629,-,,,6/19/2000 0:00,,,,DW3-U3,,,,,,11/2/2000 0:00,,,,,9.21E+01,7.50E+00,4.00E-01,6.10E+00,3.64E+01,4.03E+01,7.60E+00,1.80E+00,4.30E+00,2.10E+00,1.00E+00,,,,,,,,,,,,,,,,,,,,,,,,,,7/16/2001 0:00
RP1-4,RP,1,4,25,25,NONE,11/9/1999 0:00,6/25/1999 0:00,10/24/1998 0:00,6/9/1998 0:00,11/26/1997 0:00,6/11/1997 0:00,11/22/1996 0:00,7/5/1996 0:00,36,2,0,12,5,5,4.20E+01,66,9.40E+00,11,0,0,2.60E+00,4.00E+00,5.00E+00,3.80E+00,1.15E+01,y,1.90E+00,9/14/1996 0:00,,1.40E+01,1.00E+00,,,1.20E-01,7.80E-01,,,,,,,1.70E-01,,4.20E-01,,3.00E-02,,,,,,1.00E-01,,,,,,,,,,,,,,,,,,,,,,,,W:425-462,"""W:443,460""",Y,34,6/8/2000 0:00,,,,RP1-4,1.35E+01,14,118,5.47E+01,5.53E+01,11/9/2000 0:00,40,72,2.40E+00,,9.28E+01,5.10E+00,2.10E+00,9.60E+00,3.80E+01,3.64E+01,8.00E+00,8.00E-01,2.10E+00,2.30E+00,7.00E-01,4.10E+00,6.20E+00,6.60E+01,4.00E+00,1.30E+01,3.00E+01,7.00E+00,8.00E+00,2.00E+00,6.90E+00,4.00E-01,6.00E-01,1.70E+00,1.00E-01,9.40E+00,4.00E-01,4.00E-01,3.67E+01,2.00E+00,0.00E+00,1.00E-01,4.80E+01,1.00E-01,2.70E+01,2.54E+01,7/18/2001 0:00
RP3-2,RP,3,2,25,25,UNBURN,,,,,,,,,0,0,0,52,2,2,6.50E+01,74,1.90E+01,21,2,0,0.00E+00,0.00E+00,0.00E+00,0.00E+00,0.00E+00,n,0.00E+00,10/6/1996 0:00,2.30E+01,6.40E+00,1.52E+01,2.37E+01,,,,2.18E+01,2.18E+01,,,,,,,,,,,,2.20E-01,,,,,1.40E+00,,,,,,,,,,,,,,,,,,,,,,,,,,,,,,RP3-2,0.00E+00,,,,,,,,,,9.54E+01,2.80E+00,1.80E+00,1.08E+01,4.14E+01,3.39E+01,8.10E+00,1.20E+00,1.10E+00,1.40E+00,3.00E-01,,,,,,,,,,,,,,,,,,,,,,,,,7.00E+00,12/30/1999 0:00
DW2C-U1,DW,2C,U1,1,1,UNCLIP,11/2/1999 0:00,6/24/1999 0:00,10/20/1998 0:00,6/17/1998 0:00,10/2/1997 0:00,6/17/1997 0:00,11/17/1996 0:00,7/23/1996 0:00,15,0,0,,,,,,,,,,,,,,,,,,,,,,,,,,,,,,,,,,,,,,,,,,,,,,,,,,,,,,,,,,,,,,,,,Y:511-525,-,,,6/22/2000 0:00,,,,DW2C-U1,,,,,,11/2/2000 0:00,,,,,9.26E+01,7.10E+00,3.00E-01,6.60E+00,3.70E+01,4.09E+01,7.20E+00,1.00E+00,3.40E+00,2.50E+00,1.20E+00,,,,,,,,,,,,,,,,,,,,,,,,,,7/12/2001 0:00
DW1-1,DW,1,1,25,25,NONE,11/8/1999 0:00,6/22/1999 0:00,10/20/1998 0:00,6/25/1998 0:00,11/28/1997 0:00,7/1/1997 0:00,11/23/1996 0:00,6/26/1996 0:00,17,0,0,1,8,9,1.82E+01,25,2.28E+00,2,0,1,3.50E+00,5.00E+00,5.00E+00,0.00E+00,2.75E+00,y,3.40E+00,8/4/1996 0:00,,2.67E+01,2.00E+00,8.40E-01,2.00E-02,0.00E+00,7.00E-02,,,,,,,,,,,,,,,,,,,,,4.00E-02,,,,,,,,,,,,,,,,,,,,"""R:368-370,372-385""",-,Y,1,6/23/2000 0:00,700,130,,DW1-1,1.69E+01,11,138,5.11E+01,3.93E+01,10/20/2000 0:00,40,72,1.44E+00,300,9.40E+01,5.60E+00,4.00E-01,5.10E+00,3.49E+01,4.46E+01,8.40E+00,1.00E+00,3.10E+00,1.60E+00,9.00E-01,4.00E+00,6.80E+00,3.40E+01,1.00E+00,1.00E+01,1.80E+01,5.00E+00,4.00E+00,3.00E+00,1.40E+00,1.20E+00,2.10E+00,4.50E+00,1.00E-01,1.30E+00,3.00E-01,2.00E-01,1.99E+01,2.00E+00,0.00E+00,1.00E-01,4.80E+01,0.00E+00,7.60E+01,4.30E+01,7/9/2001 0:00
DW2C-4,DW,2C,4,25,25,NONE,10/28/1999 0:00,6/22/1999 0:00,10/11/1998 0:00,6/17/1998 0:00,10/2/1997 0:00,5/27/1997 0:00,10/27/1996 0:00,6/28/1996 0:00,320,5,0,331,11,13,2.03E+01,29,1.93E+00,3,0,0,2.30E+00,2.20E+00,5.00E+00,0.00E+00,1.75E+00,n,2.00E+00,7/30/1996 0:00,,1.84E+01,1.58E+00,5.40E-01,6.00E-01,1.00E-02,,,,,,,,,,,,,,,,,,,,,,,,,,,,,,,,,,,,,,,,,,"""R:549,550,572-575,584-902""","""R:682,696,730,755,893""",Y,23,6/16/2000 0:00,525,500,,DW2C-4,1.15E+01,234,100,5.13E+01,3.94E+01,11/2/2000 0:00,40,72,,55,9.26E+01,7.10E+00,3.00E-01,6.60E+00,3.70E+01,4.09E+01,7.20E+00,1.00E+00,3.40E+00,2.50E+00,1.20E+00,4.00E+00,6.70E+00,3.40E+01,3.00E+00,1.60E+01,4.70E+01,1.10E+01,3.00E+00,1.00E+01,2.50E+00,1.20E+00,2.70E+00,6.90E+00,0.00E+00,4.90E+00,6.00E-01,1.00E-01,2.35E+01,2.00E+00,0.00E+00,1.00E-01,5.50E+01,0.00E+00,4.20E+01,3.80E+01,7/13/2001 0:00
DW2C-3,DW,2C,3,25,25,NONE,10/28/1999 0:00,6/22/1999 0:00,10/11/1998 0:00,6/11/1998 0:00,10/2/1997 0:00,5/27/1997 0:00,10/26/1996 0:00,6/28/1996 0:00,255,13,1,255,5,7,2.33E+01,40,2.15E+00,3,0,0,2.20E+00,2.00E+00,5.00E+00,0.00E+00,2.00E+00,n,2.00E+00,7/30/1996 0:00,,2.68E+01,2.80E+00,6.40E-01,8.00E-02,,,,,,,,,,,,,,,,,,,,,,,,,,,,,,,,,,,,,,,,,,,"""BU:412-441,P:61-156,W:103-244""","""BU:418,P:104,105,142,144,W:103,143,149,222,227,233,235,243""",Y,22,6/16/2000 0:00,540,510,,DW2C-3,1.12E+01,233,113,5.13E+01,3.94E+01,11/2/2000 0:00,40,72,1.47E+00,40,9.26E+01,7.10E+00,3.00E-01,6.60E+00,3.70E+01,4.09E+01,7.20E+00,1.00E+00,3.40E+00,2.50E+00,1.20E+00,4.00E+00,6.70E+00,3.60E+01,2.00E+00,1.30E+01,2.60E+01,7.00E+00,2.00E+00,4.00E+00,2.40E+00,1.00E+00,1.60E+00,4.00E+00,1.00E-01,2.30E+00,4.00E-01,2.00E-01,2.99E+01,2.00E+00,0.00E+00,1.00E-01,5.50E+01,0.00E+00,7.30E+01,6.40E+01,7/13/2001 0:00
DW2B-2,DW,2B,2,25,25,NONE,11/2/1999 0:00,6/24/1999 0:00,10/13/1998 0:00,6/23/1998 0:00,10/18/1997 0:00,5/23/1997 0:00,11/17/1996 0:00,7/1/1996 0:00,69,2,0,113,10,12,1.35E+01,23,2.90E-01,2,0,0,3.30E+00,4.00E+00,5.00E+00,0.00E+00,2.00E+00,y,2.20E+00,8/7/1996 0:00,,1.75E+01,2.34E+00,2.10E-01,2.00E-02,5.00E-02,1.00E-02,,,,,,,,,,,,,,,,,,,,,,,,,,,,,,,,,,,,,,,,,Y:243-313,"""Y:266,307""",Y,16,6/22/2000 0:00,525,430,,DW2B-2,1.45E+01,222,140,5.13E+01,3.94E+01,10/27/2000 0:00,40,72,1.46E+00,126,9.40E+01,5.50E+00,5.00E-01,6.30E+00,4.05E+01,4.03E+01,6.10E+00,7.00E-01,2.90E+00,1.60E+00,1.00E+00,4.00E+00,6.90E+00,3.00E+01,1.00E+00,1.00E+01,2.50E+01,6.00E+00,1.00E+00,2.00E+00,1.50E+00,1.20E+00,2.20E+00,6.00E+00,1.00E-01,1.60E+00,4.00E-01,3.00E-01,1.50E+01,2.00E+00,0.00E+00,1.00E-01,5.10E+01,0.00E+00,5.10E+01,4.40E+01,7/12/2001 0:00
DW2A-2,DW,2A,2,25,25,NONE,11/2/1999 0:00,6/24/1999 0:00,10/11/1998 0:00,6/23/1998 0:00,10/2/1997 0:00,5/23/1997 0:00,11/1/1996 0:00,6/17/1996 0:00,96,5,0,81,10,16,1.85E+01,33,1.35E+00,3,0,0,2.70E+00,5.00E+00,5.00E+00,0.00E+00,1.50E+00,n,3.40E+00,7/28/1996 0:00,,1.74E+01,8.00E-01,5.00E-02,4.00E-02,,,,,,,,,,,,,,,,,,,,,,,,,,,,,,,,,,,,,,,,,,,"""R:245-322,326-348""","""R:250,278,304,305,322""",Y,12,6/22/2000 0:00,580,450,,DW2A-2,1.61E+01,212,154,5.13E+01,3.94E+01,10/26/2000 0:00,40,72,1.38E+00,73,9.70E+01,2.70E+00,3.00E-01,5.40E+00,3.68E+01,4.74E+01,6.80E+00,5.00E-01,1.40E+00,8.00E-01,6.00E-01,4.20E+00,6.90E+00,1.90E+01,2.00E+00,1.00E+01,3.20E+01,6.00E+00,2.00E+00,2.00E+00,1.50E+00,1.20E+00,2.20E+00,7.70E+00,1.40E-01,3.10E+00,4.00E-01,0.00E+00,1.24E+01,2.00E+00,0.00E+00,0.00E+00,5.20E+01,0.00E+00,2.90E+01,2.68E+01,7/12/2001 0:00
DW2A-C1,DW,2A,C1,1,1,CLIPPED,11/2/1999 0:00,6/22/1999 0:00,10/20/1998 0:00,6/23/1998 0:00,10/18/1997 0:00,6/27/1997 0:00,11/17/1996 0:00,7/22/1996 0:00,23,1,0,,,,,,,,,,,,,,,,,,,,,,,,,,,,,,,,,,,,,,,,,,,,,,,,,,,,,,,,,,,,,,,,,"""P:793-806,Y:501-510""",P:805,,,6/20/2000 0:00,,,,DW2A-C1,,,,,,10/26/2000 0:00,,,,,9.70E+01,2.70E+00,3.00E-01,5.40E+00,3.68E+01,4.74E+01,6.80E+00,5.00E-01,1.40E+00,8.00E-01,6.00E-01,,,,,,,,,,,,,,,,,,,,,,,,,,7/12/2001 0:00
DW2C-1,DW,2C,1,25,25,NONE,10/28/1999 0:00,6/18/1999 0:00,10/11/1998 0:00,6/11/1998 0:00,10/2/1997 0:00,5/27/1997 0:00,10/18/1996 0:00,7/1/1996 0:00,363,9,0,218,6,6,2.68E+01,36,2.54E+00,4,2,3,1.67E+00,2.00E+00,5.00E+00,0.00E+00,1.25E+00,n,2.00E+00,7/29/1996 0:00,,1.28E+01,3.74E+00,9.00E-01,2.20E-01,8.20E-02,,,,,,,,,,,,,,,,,,,,,,1.00E-02,,1.00E-02,,,,,,,,,,,,,,,,,,"""BU:601-750,776-797,Y:1-200""","""BU:605,608,682,730,Y:64,65,66,169,173""",Y,20,6/14/2000 0:00,545,530,,DW2C-1,1.07E+01,231,119,5.13E+01,3.94E+01,10/30/2000 0:00,40,72,1.65E+00,20,9.26E+01,7.10E+00,3.00E-01,6.60E+00,3.70E+01,4.09E+01,7.20E+00,1.00E+00,3.40E+00,2.50E+00,1.20E+00,4.10E+00,6.80E+00,2.40E+01,2.00E+00,1.30E+01,3.50E+01,7.00E+00,2.00E+00,2.00E+00,1.60E+00,1.50E+00,2.80E+00,8.30E+00,0.00E+00,4.40E+00,4.00E-01,2.00E-01,1.55E+01,2.00E+00,0.00E+00,1.00E-01,4.80E+01,1.00E-01,3.20E+01,2.40E+01,7/13/2001 0:00
DW3-1NE,DW,3,1,1,1,SUBPLOT,11/8/1999 0:00,6/16/1999 0:00,10/13/1998 0:00,6/11/1998 0:00,10/3/1997 0:00,5/29/1997 0:00,11/23/1996 0:00,7/14/1996 0:00,62,0,0,,,,,,,,,,,,,,,,,,,2.00E+00,,,,,,,,,,,,,,,,,,,,,,,,,,,,,,,,,,,,,,,,,,,,,,G:858-919,-,,,6/19/2000 0:00,,,NE,DW3-1,,,,,,11/2/2000 0:00,,,,,9.21E+01,7.50E+00,4.00E-01,6.10E+00,3.64E+01,4.03E+01,7.60E+00,1.80E+00,4.30E+00,2.10E+00,1.00E+00,3.90E+00,6.70E+00,3.80E+01,2.00E+00,1.00E+01,3.30E+01,9.00E+00,3.00E+00,3.00E+00,2.50E+00,8.00E-01,2.30E+00,5.00E+00,1.00E-01,3.70E+00,5.00E-01,2.00E-01,2.33E+01,2.00E+00,0.00E+00,1.00E-01,5.10E+01,0.00E+00,7.50E+01,,7/16/2001 0:00
DW3-2SW,DW,3,2,1,1,SUBPLOT,11/8/1999 0:00,6/16/1999 0:00,10/13/1998 0:00,6/11/1998 0:00,10/3/1997 0:00,5/29/1997 0:00,11/23/1996 0:00,7/8/1996 0:00,38,0,0,,,,,,,,,,,,,,,,,,,2.60E+01,,,,,,,,,,,,,,,,,,,,,,,,,,,,,,,,,,,,,,,,,,,,,,G:417-454,-,,,6/19/2000 0:00,,,SW,DW3-2,,,,,,11/2/2000 0:00,,,,,9.21E+01,7.50E+00,4.00E-01,6.10E+00,3.64E+01,4.03E+01,7.60E+00,1.80E+00,4.30E+00,2.10E+00,1.00E+00,3.90E+00,6.70E+00,3.20E+01,1.00E+00,1.00E+01,3.20E+01,7.00E+00,4.00E+00,5.00E+00,2.30E+00,8.00E-01,1.60E+00,4.90E+00,0.00E+00,2.70E+00,5.00E-01,1.00E-01,2.68E+01,1.00E+00,0.00E+00,1.00E-01,4.50E+01,0.00E+00,7.50E+01,,7/16/2001 0:00
DW3-3NW,DW,3,3,1,1,SUBPLOT,11/8/1999 0:00,6/16/1999 0:00,10/13/1998 0:00,6/11/1998 0:00,10/1/1997 0:00,5/29/1997 0:00,11/29/1996 0:00,7/14/1996 0:00,12,0,0,,,,,,,,,,,,,,,,,,,5.70E+01,,,,,,,,,,,,,,,,,,,,,,,,,,,,,,,,,,,,,,,,,,,,,,W:862-873,-,,,6/19/2000 0:00,,,NW,DW3-3,,,,,,11/2/2000 0:00,,,,,9.21E+01,7.50E+00,4.00E-01,6.10E+00,3.64E+01,4.03E+01,7.60E+00,1.80E+00,4.30E+00,2.10E+00,1.00E+00,3.80E+00,6.60E+00,4.80E+01,3.00E+00,1.30E+01,2.70E+01,7.00E+00,6.00E+00,6.00E+00,3.30E+00,8.00E-01,1.30E+00,3.00E+00,0.00E+00,3.00E+00,4.00E-01,4.00E-01,3.49E+01,2.00E+00,0.00E+00,0.00E+00,5.20E+01,0.00E+00,9.00E+01,,7/16/2001 0:00
DW3-4NW,DW,3,4,1,1,SUBPLOT,11/8/1999 0:00,6/16/1999 0:00,10/13/1998 0:00,6/11/1998 0:00,10/11/1997 0:00,5/29/1997 0:00,11/23/1996 0:00,7/14/1996 0:00,29,0,0,,,,,,,,,,,,,,,,,,,4.00E+00,,,,,,,,,,,,,,,,,,,,,,,,,,,,,,,,,,,,,,,,,,,,,,W:947-975,-,,,6/19/2000 0:00,,,NW,DW3-4,,,,,,11/2/2000 0:00,,,,,9.21E+01,7.50E+00,4.00E-01,6.10E+00,3.64E+01,4.03E+01,7.60E+00,1.80E+00,4.30E+00,2.10E+00,1.00E+00,3.90E+00,6.60E+00,4.30E+01,2.00E+00,1.30E+01,4.90E+01,9.00E+00,4.00E+00,5.00E+00,3.30E+00,7.00E-01,1.60E+00,5.40E+00,0.00E+00,4.70E+00,6.00E-01,3.00E-01,3.24E+01,2.00E+00,0.00E+00,1.00E-01,5.40E+01,0.00E+00,9.50E+01,,7/16/2001 0:00
DW3-3SW,DW,3,3,1,1,SUBPLOT,11/8/1999 0:00,6/16/1999 0:00,10/13/1998 0:00,6/11/1998 0:00,10/1/1997 0:00,5/29/1997 0:00,11/29/1996 0:00,7/14/1996 0:00,19,0,0,,,,,,,,,,,,,,,,,,,6.00E+01,,,,,,,,,,,,,,,,,,,,,,,,,,,,,,,,,,,,,,,,,,,,,,W:843-861,-,,,6/19/2000 0:00,,,SW,DW3-3,,,,,,11/2/2000 0:00,,,,,9.21E+01,7.50E+00,4.00E-01,6.10E+00,3.64E+01,4.03E+01,7.60E+00,1.80E+00,4.30E+00,2.10E+00,1.00E+00,3.80E+00,6.60E+00,4.80E+01,3.00E+00,1.30E+01,2.70E+01,7.00E+00,6.00E+00,6.00E+00,3.30E+00,8.00E-01,1.30E+00,3.00E+00,0.00E+00,3.00E+00,4.00E-01,4.00E-01,3.49E+01,2.00E+00,0.00E+00,0.00E+00,5.20E+01,0.00E+00,2.50E+01,,7/16/2001 0:00
DW2B-3,DW,2B,3,25,25,NONE,11/2/1999 0:00,6/24/1999 0:00,10/13/1998 0:00,6/23/1998 0:00,10/18/1997 0:00,5/23/1997 0:00,10/18/1996 0:00,7/1/1996 0:00,104,1,0,74,7,8,1.56E+01,19,1.17E+00,1,0,0,3.40E+00,3.90E+00,5.00E+00,0.00E+00,1.50E+00,y,2.00E+00,8/7/1996 0:00,,2.40E+01,1.84E+00,5.10E-01,1.10E-01,4.00E-02,2.00E-02,,,,,,,,,,,,,,,,,,,,,,,,,1.00E-02,,,,,,,,,,,,,,,,"""BU:821-886,Y:314-352""",Y:345,Y,17,6/22/2000 0:00,512,432,,DW2B-3,1.43E+01,223,144,5.13E+01,3.94E+01,10/27/2000 0:00,40,72,1.64E+00,134,9.40E+01,5.50E+00,5.00E-01,6.30E+00,4.05E+01,4.03E+01,6.10E+00,7.00E-01,2.90E+00,1.60E+00,1.00E+00,4.10E+00,6.70E+00,2.80E+01,1.00E+00,1.30E+01,3.50E+01,7.00E+00,2.00E+00,2.00E+00,2.40E+00,1.00E+00,1.70E+00,5.40E+00,0.00E+00,3.40E+00,5.00E-01,1.00E-01,1.62E+01,2.00E+00,0.00E+00,1.00E-01,5.30E+01,0.00E+00,5.70E+01,4.90E+01,7/12/2001 0:00
DW2B-5,DW,2B,5,25,25,NONE,11/2/1999 0:00,6/24/1999 0:00,10/13/1998 0:00,6/23/1998 0:00,10/18/1997 0:00,6/17/1997 0:00,11/17/1996 0:00,7/1/1996 0:00,85,2,1,5,4,5,1.38E+01,17,1.19E+00,1,0,0,3.00E+00,4.60E+00,5.00E+00,0.00E+00,1.50E+00,y,2.30E+00,9/19/1996 0:00,,2.93E+01,4.50E+00,3.00E-02,2.00E-01,3.00E-02,1.00E-02,,,,,,,,,,,,,,,,,,,,,,,,,,,,,,,,,,,,,,,,,"""BU:982-1000,G:1-45,R:903-911,Y:487-500""","""BU:994,G:35""",Y,19,6/22/2000 0:00,485,437,,DW2B-5,1.49E+01,225,150,,,10/27/2000 0:00,,,1.39E+00,150,9.40E+01,5.50E+00,5.00E-01,6.30E+00,4.05E+01,4.03E+01,6.10E+00,7.00E-01,2.90E+00,1.60E+00,1.00E+00,4.10E+00,6.60E+00,4.00E+01,1.00E+00,1.30E+01,3.20E+01,7.00E+00,2.00E+00,2.00E+00,3.20E+00,7.00E-01,1.20E+00,3.60E+00,1.00E-01,3.50E+00,4.00E-01,1.00E-01,2.32E+01,5.00E+00,0.00E+00,1.00E-01,9.40E+01,1.00E-01,4.50E+01,5.32E+01,7/12/2001 0:00
RP1-8,RP,1,8,25,25,NONE,11/9/1999 0:00,6/25/1999 0:00,10/24/1998 0:00,6/9/1998 0:00,11/26/1997 0:00,6/11/1997 0:00,11/22/1996 0:00,7/2/1996 0:00,49,1,0,12,1,1,3.50E+01,35,1.50E+01,15,0,0,3.00E+00,4.50E+00,5.00E+00,3.50E+00,1.50E+01,y,3.00E+00,8/19/1996 0:00,,2.48E+00,8.00E-02,0.00E+00,0.00E+00,3.00E-02,7.60E-01,,,,,1.04E+01,,2.50E-01,1.32E+00,2.70E-01,,,,,,,,,,,,,,,,,,,,,,2.00E-02,1.00E-02,1.00E-02,2.00E-02,,,,,,,G:201-250,G:244,Y,38,6/8/2000 0:00,,,,RP1-8,1.55E+01,18,113,5.46E+01,5.53E+01,11/9/2000 0:00,40,72,2.53E+00,,9.28E+01,5.10E+00,2.10E+00,9.60E+00,3.80E+01,3.64E+01,8.00E+00,8.00E-01,2.10E+00,2.30E+00,7.00E-01,4.20E+00,6.20E+00,7.90E+01,4.00E+00,1.30E+01,3.80E+01,1.00E+01,8.00E+00,2.00E+00,7.10E+00,4.00E-01,9.00E-01,2.10E+00,1.00E-01,1.35E+01,5.00E-01,4.00E-01,3.32E+01,2.00E+00,0.00E+00,2.00E-01,5.20E+01,1.00E-01,5.40E+01,7.00E+00,7/18/2001 0:00
RP2-2,RP,2,2,25,25,NONE,11/9/1999 0:00,6/25/1999 0:00,10/24/1998 0:00,6/9/1998 0:00,11/26/1997 0:00,6/11/1997 0:00,11/22/1996 0:00,7/5/1996 0:00,63,9,0,0,0,0,0.00E+00,0,0.00E+00,0,0,0,2.20E+00,3.50E+00,5.00E+00,2.20E+00,0.00E+00,y,1.90E+00,9/15/1996 0:00,,4.13E+01,9.40E-01,,,2.40E-01,1.96E+00,3.00E-01,,,,,,4.00E-02,2.00E-01,6.00E-02,,,,,,,,,1.00E-02,,,,,,,,,,,,,,,,,,,,,,,"""P:281-308,W:320-360,362-364""","""P:287,288,293,W:320,327,330,344,350,352""",Y,40,6/8/2000 0:00,,,,RP2-2,1.26E+01,22,122,5.45E+01,5.45E+01,11/13/2000 0:00,40,72,1.90E+00,,9.54E+01,2.80E+00,1.80E+00,1.08E+01,4.14E+01,3.39E+01,8.10E+00,1.20E+00,1.10E+00,1.40E+00,3.00E-01,4.10E+00,6.40E+00,7.00E+01,4.00E+00,1.30E+01,4.10E+01,1.00E+01,8.00E+00,2.00E+00,5.20E+00,5.00E-01,1.10E+00,3.00E+00,1.00E-01,1.23E+01,7.00E-01,0.00E+00,5.11E+01,3.00E+00,0.00E+00,1.00E-01,6.70E+01,0.00E+00,6.50E+01,5.50E+01,7/18/2001 0:00
DW2C-C1,DW,2C,C1,1,1,CLIPPED,11/2/1999 0:00,6/24/1999 0:00,10/20/1998 0:00,6/17/1998 0:00,10/2/1997 0:00,6/17/1997 0:00,11/17/1996 0:00,7/23/1996 0:00,34,1,1,,,,,,,,,,,,,,,,,,,,,,,,,,,,,,,,,,,,,,,,,,,,,,,,,,,,,,,,,,,,,,,,,P:807-841,P:826,,,6/22/2000 0:00,,,,DW2C-C1,,,,,,11/2/2000 0:00,,,,,9.26E+01,7.10E+00,3.00E-01,6.60E+00,3.70E+01,4.09E+01,7.20E+00,1.00E+00,3.40E+00,2.50E+00,1.20E+00,,,,,,,,,,,,,,,,,,,,,,,,,,7/12/2001 0:00
DW1-XN,DW,1,XN,64,64,EXCLOS,11/5/1999 0:00,6/22/1999 0:00,10/20/1998 0:00,6/25/1998 0:00,11/28/1997 0:00,7/1/1997 0:00,11/23/1996 0:00,7/10/1996 0:00,94,2,0,,,,,,,,,,,,,,,,,,,,,,,,,,,,,,,,,,,,,,,,,,,,,,,,,,,,,,,,,,,,,,,,,"""G:718-764,W:752-800""","""G:727,737""",Y,7,6/23/2000 0:00,,,,DW1-XN,,,,5.11E+01,3.93E+01,10/20/2000 0:00,40,72,1.24E+00,,9.40E+01,5.60E+00,4.00E-01,5.10E+00,3.49E+01,4.46E+01,8.40E+00,1.00E+00,3.10E+00,1.60E+00,9.00E-01,4.20E+00,6.90E+00,4.30E+01,1.00E+00,1.00E+01,1.10E+01,3.00E+00,5.00E+00,3.00E+00,1.40E+00,1.20E+00,1.10E+00,2.90E+00,1.00E-01,1.10E+00,2.00E-01,2.00E-01,2.93E+01,1.60E+01,0.00E+00,1.00E-01,2.25E+02,0.00E+00,5.80E+01,3.83E+01,7/9/2001 0:00
DW2-XN,DW,2B,XN,64,64,EXCLOS,11/5/1999 0:00,6/23/1999 0:00,10/20/1998 0:00,6/17/1998 0:00,10/18/1997 0:00,7/1/1997 0:00,11/17/1996 0:00,7/21/1996 0:00,270,14,0,,,,,,,,,,,,,,,,,,,,,,,,,,,,,,,,,,,,,,,,,,,,,,,,,,,,,,,,,,,,,,,,,"""G:990-1000,P:501-773""","""P:534,565,595,637,671,691,692,699,701,710,725,727,728,770""",Y,9,6/23/2000 0:00,,,,DW2B-XN,,,,5.13E+01,3.94E+01,10/25/2000 0:00,40,72,1.16E+00,,9.40E+01,5.50E+00,5.00E-01,6.30E+00,4.05E+01,4.03E+01,6.10E+00,7.00E-01,2.90E+00,1.60E+00,1.00E+00,4.20E+00,7.00E+00,3.00E+01,2.00E+00,1.00E+01,3.50E+01,6.00E+00,2.00E+00,4.00E+00,2.00E-01,9.60E+00,1.88E+01,7.18E+01,1.00E-01,4.40E+00,4.00E-01,1.00E-01,1.49E+01,2.00E+00,0.00E+00,1.00E-01,5.40E+01,0.00E+00,5.70E+01,5.76E+01,7/11/2001 0:00
DW2A-C2,DW,2A,C2,1,1,CLIPPED,11/2/1999 0:00,6/22/1999 0:00,10/20/1998 0:00,6/23/1998 0:00,10/2/1997 0:00,6/17/1997 0:00,11/17/1996 0:00,7/30/1996 0:00,43,0,0,,,,,,,,,,,,,,,,,,,,,,,,,,,,,,,,,,,,,,,,,,,,,,,,,,,,,,,,,,,,,,,,,"""Y:882-914,916-921,923-926""",-,,,6/20/2000 0:00,,,,DW2A-C2,,,,,,10/26/2000 0:00,,,,,9.70E+01,2.70E+00,3.00E-01,5.40E+00,3.68E+01,4.74E+01,6.80E+00,5.00E-01,1.40E+00,8.00E-01,6.00E-01,,,,,,,,,,,,,,,,,,,,,,,,,,7/12/2001 0:00
DW2C-5,DW,2C,5,25,25,NONE,11/2/1999 0:00,6/24/1999 0:00,10/11/1998 0:00,6/17/1998 0:00,10/2/1997 0:00,5/27/1997 0:00,11/1/1996 0:00,6/27/1996 0:00,134,2,0,162,4,4,2.15E+01,30,1.81E+00,2,0,0,2.50E+00,3.10E+00,5.00E+00,0.00E+00,1.75E+00,n,2.00E+00,7/30/1996 0:00,,2.28E+01,5.10E+00,5.30E-01,2.00E-02,,,,,,,,,,,,,,,,,,,,,,,,,,1.00E-02,,,,,,,,,,,,,,,,,"""R:442-548,551-571,576-583""","""R:560,580""",,,6/20/2000 0:00,515,490,,DW2C-5,1.26E+01,235,108,5.13E+01,3.94E+01,11/2/2000 0:00,40,72,,70,9.26E+01,7.10E+00,3.00E-01,6.60E+00,3.70E+01,4.09E+01,7.20E+00,1.00E+00,3.40E+00,2.50E+00,1.20E+00,,,,,,,,,,,,,,,,,,,,,,,,6.30E+01,5.40E+01,7/13/2001 0:00
RP1-2,RP,1,2,25,25,NONE,11/9/1999 0:00,6/25/1999 0:00,10/24/1998 0:00,6/9/1998 0:00,11/26/1997 0:00,6/11/1997 0:00,11/22/1996 0:00,7/5/1996 0:00,48,1,0,0,1,1,3.80E+01,38,7.50E+00,7,0,0,2.20E+00,4.00E+00,5.00E+00,2.60E+00,7.50E+00,y,2.60E+00,9/14/1996 0:00,,2.04E+01,1.74E+00,,,,2.80E+00,,,,,,,,,6.00E-02,,,1.60E-01,,,,,5.00E-02,,,,,,,,,,,,,,,,,,,,,,,,"""G:412-416,P:340-368,W:486-500""",P:345,Y,32,6/7/2000 0:00,,,,RP1-2,1.38E+01,12,112,5.46E+01,5.53E+01,11/9/2000 0:00,40,72,2.17E+00,,9.28E+01,5.10E+00,2.10E+00,9.60E+00,3.80E+01,3.64E+01,8.00E+00,8.00E-01,2.10E+00,2.30E+00,7.00E-01,4.20E+00,6.50E+00,7.20E+01,4.00E+00,1.30E+01,2.60E+01,7.00E+00,6.00E+00,3.00E+00,4.20E+00,6.00E-01,9.00E-01,2.30E+00,1.00E-01,9.00E+00,4.00E-01,3.00E-01,3.70E+01,2.00E+00,0.00E+00,1.00E-01,5.40E+01,1.00E-01,4.10E+01,3.06E+01,7/18/2001 0:00
RP2-4,RP,2,4,25,25,NONE,11/9/1999 0:00,6/25/1999 0:00,10/20/1998 0:00,6/9/1998 0:00,11/26/1997 0:00,6/11/1997 0:00,11/22/1996 0:00,7/5/1996 0:00,28,3,0,0,0,0,0.00E+00,0,0.00E+00,0,0,0,2.10E+00,3.50E+00,5.00E+00,2.20E+00,0.00E+00,y,1.70E+00,9/15/1996 0:00,,3.05E+01,6.96E+00,,,1.90E-01,4.68E+00,,,,,,,1.00E-02,1.00E-02,1.40E-01,,,,,,,,6.00E-02,,,,,,,,,,,,,,,,,,,,,,,,"""W:361,365-394""","""W:367,369,389""",Y,42,6/13/2000 0:00,,,,RP2-4,1.23E+01,24,122,5.45E+01,5.45E+01,11/13/2000 0:00,40,72,2.11E+00,,9.54E+01,2.80E+00,1.80E+00,1.08E+01,4.14E+01,3.39E+01,8.10E+00,1.20E+00,1.10E+00,1.40E+00,3.00E-01,4.10E+00,6.40E+00,5.50E+01,2.00E+00,1.30E+01,2.30E+01,6.00E+00,6.00E+00,3.00E+00,4.80E+00,5.00E-01,7.00E-01,1.80E+00,1.00E-01,1.07E+01,3.00E-01,0.00E+00,3.27E+01,2.00E+00,0.00E+00,0.00E+00,4.70E+01,0.00E+00,5.00E+01,3.80E+01,7/18/2001 0:00
RP2-5,RP,2,5,25,25,NONE,11/9/1999 0:00,6/25/1999 0:00,10/20/1998 0:00,6/9/1998 0:00,11/26/1997 0:00,6/11/1997 0:00,11/22/1996 0:00,7/5/1996 0:00,30,2,0,0,0,0,0.00E+00,0,0.00E+00,0,0,0,2.80E+00,4.00E+00,5.00E+00,3.70E+00,0.00E+00,y,1.90E+00,9/15/1996 0:00,,1.06E+01,1.08E+00,,,7.00E-02,2.24E+00,,1.58E+01,,,,,1.00E-02,5.10E-01,,1.00E-02,,,,,,,,,,,,,,,,,,,,,,,,,,,,,,,"""G:343-358,P:309-324""","""P:315,316""",Y,43,6/13/2000 0:00,,,,RP2-5,1.37E+01,25,120,5.45E+01,5.45E+01,11/13/2000 0:00,40,72,2.01E+00,,9.54E+01,2.80E+00,1.80E+00,1.08E+01,4.14E+01,3.39E+01,8.10E+00,1.20E+00,1.10E+00,1.40E+00,3.00E-01,4.00E+00,6.30E+00,4.90E+01,2.00E+00,1.30E+01,3.10E+01,6.00E+00,2.00E+00,2.00E+00,5.70E+00,4.00E-01,6.00E-01,2.00E+00,1.00E-01,5.80E+00,4.00E-01,0.00E+00,3.10E+01,2.00E+00,0.00E+00,0.00E+00,4.90E+01,0.00E+00,7.60E+01,2.34E+01,7/18/2001 0:00
SCC5-6,SC,5,6,25,25,NONE,11/11/1999 0:00,6/18/1999 0:00,10/23/1998 0:00,6/10/1998 0:00,10/11/1997 0:00,6/19/1997 0:00,11/2/1996 0:00,6/18/1996 0:00,23,0,0,18,5,5,3.50E+01,43,5.04E+00,6,0,4,3.00E+00,4.00E+00,5.00E+00,0.00E+00,6.00E+00,y,1.80E+00,9/8/1996 0:00,,6.30E+01,1.13E+01,5.20E-01,,,2.50E-01,,,,,,,,,2.10E-01,,,,,2.00E-01,,,8.00E-02,,2.20E-01,4.00E-02,,,,,,,,,,,,,,,,,,,4.00E-02,4.80E-01,"""R:323-325,349-367,371""",-,Y,49,6/14/2000 0:00,,,,SCC5-6,1.38E+01,,187,5.15E+01,4.21E+01,11/8/2000 0:00,40,72,1.76E+00,,7.51E+01,2.19E+01,3.00E+00,2.60E+00,1.88E+01,3.62E+01,1.31E+01,4.40E+00,1.12E+01,8.10E+00,2.70E+00,4.30E+00,6.40E+00,1.30E+02,3.00E+00,2.20E+01,2.70E+01,7.00E+00,1.00E+01,2.00E+00,5.10E+00,8.00E-01,9.00E-01,2.00E+00,1.00E-01,4.10E+00,5.00E-01,4.00E-01,3.94E+01,1.20E+01,0.00E+00,2.00E-01,1.69E+02,1.00E-01,7.40E+01,5.26E+01,7/16/2001 0:00
DW3-4SE,DW,3,4,1,1,SUBPLOT,11/8/1999 0:00,6/16/1999 0:00,10/13/1998 0:00,6/11/1998 0:00,10/11/1997 0:00,5/29/1997 0:00,11/23/1996 0:00,7/14/1996 0:00,45,1,0,,,,,,,,,,,,,,,,,,,2.00E+00,,,,,,,,,,,,,,,,,,,,,,,,,,,,,,,,,,,,,,,,,,,,,,W:874-920,W:915,,,6/19/2000 0:00,,,SE,DW3-4,,,,,,11/2/2000 0:00,,,,,9.21E+01,7.50E+00,4.00E-01,6.10E+00,3.64E+01,4.03E+01,7.60E+00,1.80E+00,4.30E+00,2.10E+00,1.00E+00,3.90E+00,6.60E+00,4.30E+01,2.00E+00,1.30E+01,4.90E+01,9.00E+00,4.00E+00,5.00E+00,3.30E+00,7.00E-01,1.60E+00,5.40E+00,0.00E+00,4.70E+00,6.00E-01,3.00E-01,3.24E+01,2.00E+00,0.00E+00,1.00E-01,5.40E+01,0.00E+00,8.50E+01,,7/16/2001 0:00
DW3-5SE,DW,3,5,1,1,SUBPLOT,11/8/1999 0:00,6/16/1999 0:00,10/13/1998 0:00,6/11/1998 0:00,10/11/1997 0:00,5/29/1997 0:00,11/29/1996 0:00,7/14/1996 0:00,5,0,2,,,,,,,,,,,,,,,,,,,4.00E+01,,,,,,,,,,,,,,,,,,,,,,,,,,,,,,,,,,,,,,,,,,,,,,P:369-373,-,,,6/19/2000 0:00,,,SE,DW3-5,,,,,,11/2/2000 0:00,,,,,9.21E+01,7.50E+00,4.00E-01,6.10E+00,3.64E+01,4.03E+01,7.60E+00,1.80E+00,4.30E+00,2.10E+00,1.00E+00,3.90E+00,6.50E+00,4.60E+01,3.00E+00,1.90E+01,3.90E+01,1.00E+01,4.00E+00,6.00E+00,4.10E+00,9.00E-01,1.50E+00,3.50E+00,1.00E-01,3.60E+00,8.00E-01,2.00E-01,3.85E+01,2.00E+00,0.00E+00,1.00E-01,5.70E+01,0.00E+00,9.00E+01,,7/16/2001 0:00
DW3-5NW,DW,3,5,1,1,SUBPLOT,11/8/1999 0:00,6/16/1999 0:00,10/13/1998 0:00,6/11/1998 0:00,10/11/1997 0:00,5/29/1997 0:00,11/29/1996 0:00,7/14/1996 0:00,8,1,0,,,,,,,,,,,,,,,,,,,3.10E+01,,,,,,,,,,,,,,,,,,,,,,,,,,,,,,,,,,,,,,,,,,,,,,"""G:816-821,823-825""",G:818,,,6/19/2000 0:00,,,NW,DW3-5,,,,,,11/2/2000 0:00,,,,,9.21E+01,7.50E+00,4.00E-01,6.10E+00,3.64E+01,4.03E+01,7.60E+00,1.80E+00,4.30E+00,2.10E+00,1.00E+00,3.90E+00,6.50E+00,4.60E+01,3.00E+00,1.90E+01,3.90E+01,1.00E+01,4.00E+00,6.00E+00,4.10E+00,9.00E-01,1.50E+00,3.50E+00,1.00E-01,3.60E+00,8.00E-01,2.00E-01,3.85E+01,2.00E+00,0.00E+00,1.00E-01,5.70E+01,0.00E+00,5.00E+01,,7/16/2001 0:00
DW3-1SW,DW,3,1,1,1,SUBPLOT,11/8/1999 0:00,6/16/1999 0:00,10/13/1998 0:00,6/11/1998 0:00,10/3/1997 0:00,5/29/1997 0:00,11/23/1996 0:00,7/14/1996 0:00,29,0,1,,,,,,,,,,,,,,,,,,,1.00E+00,,,,,,,,,,,,,,,,,,,,,,,,,,,,,,,,,,,,,,,,,,,,,,"""P:383,385,391-417""",-,,,6/19/2000 0:00,,,SW,DW3-1,,,,,,11/2/2000 0:00,,,,,9.21E+01,7.50E+00,4.00E-01,6.10E+00,3.64E+01,4.03E+01,7.60E+00,1.80E+00,4.30E+00,2.10E+00,1.00E+00,3.90E+00,6.70E+00,3.80E+01,2.00E+00,1.00E+01,3.30E+01,9.00E+00,3.00E+00,3.00E+00,2.50E+00,8.00E-01,2.30E+00,5.00E+00,1.00E-01,3.70E+00,5.00E-01,2.00E-01,2.33E+01,2.00E+00,0.00E+00,1.00E-01,5.10E+01,0.00E+00,5.50E+01,,7/16/2001 0:00
DW2B-C1,DW,2B,C1,1,1,CLIPPED,11/2/1999 0:00,6/22/1999 0:00,10/20/1998 0:00,6/23/1998 0:00,10/28/1997 0:00,6/27/1997 0:00,11/17/1996 0:00,7/29/1996 0:00,23,0,0,,,,,,,,,,,,,,,,,,,,,,,,,,,,,,,,,,,,,,,,,,,,,,,,,,,,,,,,,,,,,,,,,Y:832-854,-,,,6/16/2000 0:00,,,,DW2B-C1,,,,,,10/27/2000 0:00,,,,,9.40E+01,5.50E+00,5.00E-01,6.30E+00,4.05E+01,4.03E+01,6.10E+00,7.00E-01,2.90E+00,1.60E+00,1.00E+00,,,,,,,,,,,,,,,,,,,,,,,,,,7/12/2001 0:00
DW2A-U2,DW,2A,U2,1,1,UNCLIP,11/2/1999 0:00,6/22/1999 0:00,10/20/1998 0:00,6/23/1998 0:00,10/2/1997 0:00,6/17/1997 0:00,11/17/1996 0:00,7/30/1996 0:00,59,0,0,,,,,,,,,,,,,,,,,,,,,,,,,,,,,,,,,,,,,,,,,,,,,,,,,,,,,,,,,,,,,,,,,Y:927-985,-,,,6/20/2000 0:00,,,,DW2A-U2,,,,,,10/26/2000 0:00,,,,,9.70E+01,2.70E+00,3.00E-01,5.40E+00,3.68E+01,4.74E+01,6.80E+00,5.00E-01,1.40E+00,8.00E-01,6.00E-01,,,,,,,,,,,,,,,,,,,,,,,,,,7/12/2001 0:00
DW1-3,DW,1,3,25,25,NONE,11/8/1999 0:00,6/22/1999 0:00,10/20/1998 0:00,6/25/1998 0:00,11/28/1997 0:00,7/1/1997 0:00,11/23/1996 0:00,6/26/1996 0:00,27,0,0,7,9,11,1.55E+01,31,1.67E+00,4,0,0,3.50E+00,5.00E+00,5.00E+00,0.00E+00,4.00E+00,y,3.40E+00,8/4/1996 0:00,,2.24E+01,3.44E+00,8.50E-01,4.00E-02,4.00E-02,0.00E+00,,,,,,,,,,,,,,,,,,,,,8.00E-02,,,,1.00E-02,,,,,,,,,,,,,,,,R:398-424,-,Y,3,6/23/2000 0:00,700,100,,DW1-3,1.69E+01,13,126,5.11E+01,3.93E+01,10/20/2000 0:00,40,72,1.48E+00,330,9.40E+01,5.60E+00,4.00E-01,5.10E+00,3.49E+01,4.46E+01,8.40E+00,1.00E+00,3.10E+00,1.60E+00,9.00E-01,4.10E+00,6.80E+00,3.30E+01,1.00E+00,1.00E+01,2.10E+01,5.00E+00,3.00E+00,3.00E+00,1.50E+00,1.20E+00,1.90E+00,5.10E+00,1.00E-01,2.10E+00,3.00E-01,2.00E-01,2.35E+01,1.00E+00,0.00E+00,0.00E+00,4.50E+01,0.00E+00,6.00E+01,5.16E+01,7/9/2001 0:00
DW1-4,DW,1,4,25,25,NONE,11/8/1999 0:00,6/22/1999 0:00,10/20/1998 0:00,6/25/1998 0:00,11/28/1997 0:00,7/1/1997 0:00,11/23/1996 0:00,6/14/1996 0:00,37,0,0,13,4,8,2.58E+01,30,3.25E+00,4,0,0,3.00E+00,4.60E+00,5.00E+00,0.00E+00,4.00E+00,y,3.40E+00,8/4/1996 0:00,,2.54E+01,1.26E+00,3.80E-01,0.00E+00,0.00E+00,0.00E+00,,,,,,,,,,,,,,,,,,,,,2.00E-02,,,,1.00E-02,,,,,,,,,,,,,,,,"""R:58-75,101-117,120,121""",-,Y,4,6/23/2000 0:00,715,130,,DW1-4,1.60E+01,14,136,5.11E+01,3.93E+01,10/20/2000 0:00,40,72,1.69E+00,300,9.40E+01,5.60E+00,4.00E-01,5.10E+00,3.49E+01,4.46E+01,8.40E+00,1.00E+00,3.10E+00,1.60E+00,9.00E-01,4.10E+00,6.80E+00,4.00E+01,1.00E+00,1.30E+01,1.90E+01,5.00E+00,4.00E+00,3.00E+00,1.40E+00,1.60E+00,1.80E+00,4.70E+00,1.00E-01,1.60E+00,3.00E-01,2.00E-01,3.35E+01,2.00E+00,0.00E+00,1.00E-01,4.70E+01,0.00E+00,6.50E+01,4.88E+01,7/9/2001 0:00
DW1-5,DW,1,5,25,25,NONE,11/8/1999 0:00,6/22/1999 0:00,10/20/1998 0:00,6/25/1998 0:00,11/28/1997 0:00,7/1/1997 0:00,11/23/1996 0:00,6/28/1996 0:00,38,1,0,3,10,2,1.70E+01,24,2.63E+00,3,0,1,4.60E+00,5.00E+00,5.00E+00,0.00E+00,3.75E+00,y,3.40E+00,8/4/1996 0:00,,3.28E+01,2.34E+00,4.90E-01,1.00E-02,3.00E-02,2.00E-02,,,,,,,,,,,,,,,,,,,,,1.00E-02,,,,,,,,,,,,,,,,,,,,W:245-283,W:276,Y,5,6/23/2000 0:00,715,115,,DW1-5,1.80E+01,15,133,5.11E+01,3.93E+01,10/20/2000 0:00,40,72,1.57E+00,315,9.40E+01,5.60E+00,4.00E-01,5.10E+00,3.49E+01,4.46E+01,8.40E+00,1.00E+00,3.10E+00,1.60E+00,9.00E-01,4.10E+00,6.80E+00,3.50E+01,1.00E+00,1.00E+01,2.20E+01,6.00E+00,4.00E+00,3.00E+00,1.40E+00,1.20E+00,2.20E+00,5.40E+00,1.00E-01,2.10E+00,3.00E-01,2.00E-01,1.99E+01,1.00E+00,0.00E+00,0.00E+00,4.50E+01,0.00E+00,7.30E+01,5.94E+01,7/9/2001 0:00
RP1-3,RP,1,3,25,25,NONE,11/9/1999 0:00,6/25/1999 0:00,10/24/1998 0:00,6/9/1998 0:00,11/26/1997 0:00,6/11/1997 0:00,11/22/1996 0:00,7/5/1996 0:00,21,2,0,0,3,3,7.73E+01,96,1.27E+01,14,0,0,2.90E+00,3.80E+00,5.00E+00,3.50E+00,1.45E+01,y,2.30E+00,9/14/1996 0:00,,6.00E-01,6.20E-01,1.40E-01,,1.00E-01,9.60E-01,1.20E+00,,,,,,6.00E-02,1.70E-01,1.40E-01,1.20E-01,,1.00E+00,,,,6.00E-02,,,,,,,,,,,,,,,,,,,,1.00E-02,,,,,W:463-485,"""W:466,469""",Y,33,6/7/2000 0:00,,,,RP1-3,1.40E+01,13,114,5.46E+01,5.53E+01,11/9/2000 0:00,40,72,2.21E+00,,9.28E+01,5.10E+00,2.10E+00,9.60E+00,3.80E+01,3.64E+01,8.00E+00,8.00E-01,2.10E+00,2.30E+00,7.00E-01,4.20E+00,6.20E+00,1.03E+02,4.00E+00,1.30E+01,3.80E+01,8.00E+00,8.00E+00,3.00E+00,6.70E+00,4.00E-01,7.00E-01,2.10E+00,1.00E-01,9.30E+00,5.00E-01,3.00E-01,5.33E+01,2.00E+00,0.00E+00,2.00E-01,4.90E+01,1.00E-01,1.30E+01,1.60E+00,7/18/2001 0:00
RP1-5,RP,1,5,25,25,NONE,11/9/1999 0:00,6/25/1999 0:00,10/24/1998 0:00,6/9/1998 0:00,11/26/1997 0:00,6/11/1997 0:00,11/22/1996 0:00,7/5/1996 0:00,45,0,0,16,1,1,5.80E+01,58,1.00E+01,10,0,0,3.00E+00,3.00E+00,5.00E+00,3.40E+00,1.00E+01,y,2.00E+00,9/14/1996 0:00,,3.90E+00,7.70E-01,4.00E-02,,4.00E-02,3.52E+00,8.40E+00,,3.80E+00,,,,9.00E-02,6.00E-01,2.80E-01,,,,,,,,1.90E-01,,,,,,,,,,,,,,,,,,,,,,,,"""P:325-339,W:395-424""",-,Y,35,6/8/2000 0:00,,,,RP1-5,1.30E+01,15,114,5.47E+01,5.53E+01,11/9/2000 0:00,40,72,2.29E+00,,9.28E+01,5.10E+00,2.10E+00,9.60E+00,3.80E+01,3.64E+01,8.00E+00,8.00E-01,2.10E+00,2.30E+00,7.00E-01,4.20E+00,6.20E+00,7.40E+01,4.00E+00,1.60E+01,4.10E+01,1.00E+01,8.00E+00,2.00E+00,6.90E+00,5.00E-01,9.00E-01,2.20E+00,1.00E-01,1.77E+01,6.00E-01,3.00E-01,4.10E+01,2.00E+00,0.00E+00,1.00E-01,5.40E+01,1.00E-01,5.90E+01,1.84E+01,7/18/2001 0:00
RP2-3,RP,2,3,25,25,NONE,11/9/1999 0:00,6/25/1999 0:00,10/24/1998 0:00,6/19/1998 0:00,11/26/1997 0:00,6/11/1997 0:00,11/22/1996 0:00,7/5/1996 0:00,65,2,0,3,2,2,9.55E+01,100,1.30E+01,13,0,0,2.00E+00,4.00E+00,5.00E+00,3.20E+00,1.30E+01,y,1.70E+00,9/15/1996 0:00,,3.20E+00,2.20E+00,,,3.00E-02,3.68E+00,4.00E+00,,,,,,1.00E-02,8.00E-01,,,,2.80E-01,,,,,,,,,,,,,,,,,,,,,,,,,,,,,"""G:151-200,307-323""","""G:161,184""",Y,41,6/9/2000 0:00,,,,RP2-3,1.27E+01,23,122,5.45E+01,5.45E+01,11/13/2000 0:00,40,72,2.24E+00,,9.54E+01,2.80E+00,1.80E+00,1.08E+01,4.14E+01,3.39E+01,8.10E+00,1.20E+00,1.10E+00,1.40E+00,3.00E-01,4.10E+00,6.30E+00,6.40E+01,3.00E+00,1.30E+01,4.10E+01,9.00E+00,8.00E+00,2.00E+00,5.80E+00,4.00E-01,9.00E-01,2.60E+00,1.00E-01,8.50E+00,5.00E-01,0.00E+00,4.10E+01,9.00E+00,0.00E+00,0.00E+00,1.41E+02,0.00E+00,4.60E+01,1.90E+01,7/18/2001 0:00
SCC5-1,SC,5,1,25,25,NONE,11/11/1999 0:00,6/17/1999 0:00,10/23/1998 0:00,6/10/1998 0:00,10/11/1997 0:00,6/12/1997 0:00,11/2/1996 0:00,7/17/1996 0:00,28,2,0,16,4,4,4.45E+01,59,7.88E+00,8,0,1,3.00E+00,4.00E+00,5.00E+00,0.00E+00,8.00E+00,y,2.00E+00,9/8/1996 0:00,,2.00E+01,1.40E-01,3.00E-01,,,3.50E-01,,,,,,,2.10E-01,,1.40E-01,4.00E-02,1.00E-02,3.20E-01,1.20E-01,,7.00E-02,,3.00E-02,,,,,,,,,,,,,,,,,,,,1.00E-02,,,,G:941-970,"""G:953,967""",Y,45,6/13/2000 0:00,,,,SCC5-1,1.40E+01,,170,5.15E+01,4.21E+01,11/8/2000 0:00,40,72,3.59E+00,,7.51E+01,2.19E+01,3.00E+00,2.60E+00,1.88E+01,3.62E+01,1.31E+01,4.40E+00,1.12E+01,8.10E+00,2.70E+00,4.20E+00,6.10E+00,1.45E+02,4.00E+00,1.90E+01,6.00E+01,1.30E+01,1.20E+01,2.00E+00,9.00E+00,5.00E-01,1.00E+00,2.90E+00,1.00E-01,9.00E+00,8.00E-01,4.00E-01,4.17E+01,2.00E+00,0.00E+00,1.00E-01,5.60E+01,1.00E-01,5.80E+01,7.46E+01,7/16/2001 0:00
SCC5-3,SC,5,3,25,25,NONE,11/11/1999 0:00,6/17/1999 0:00,10/23/1998 0:00,6/10/1998 0:00,10/11/1997 0:00,6/12/1997 0:00,11/2/1996 0:00,7/17/1996 0:00,37,1,1,16,2,2,3.70E+01,45,6.10E+00,7,0,0,3.00E+00,4.00E+00,5.00E+00,0.00E+00,7.20E+00,y,1.70E+00,9/8/1996 0:00,,4.04E+01,2.98E+00,1.20E-01,,,1.40E-01,,,,1.20E+00,,,6.00E-02,,2.00E-02,,4.00E-02,4.00E-02,,1.00E+00,,,6.00E-02,,,,,,,,,,,,,,,,,,,,,,,,P:429-466,P:450,Y,47,6/13/2000 0:00,,,,SCC5-3,1.37E+01,,184,5.14E+01,4.21E+01,11/8/2000 0:00,40,72,3.47E+00,,7.51E+01,2.19E+01,3.00E+00,2.60E+00,1.88E+01,3.62E+01,1.31E+01,4.40E+00,1.12E+01,8.10E+00,2.70E+00,4.20E+00,6.10E+00,1.66E+02,3.00E+00,2.50E+01,4.40E+01,1.10E+01,1.40E+01,2.00E+00,8.70E+00,6.00E-01,9.00E-01,2.20E+00,2.00E-01,3.90E+00,6.00E-01,4.00E-01,4.66E+01,2.00E+00,0.00E+00,2.00E-01,5.40E+01,1.00E-01,7.70E+01,3.84E+01,7/16/2001 0:00
DW3-1SE,DW,3,1,1,1,SUBPLOT,11/8/1999 0:00,6/16/1999 0:00,10/13/1998 0:00,6/11/1998 0:00,10/3/1997 0:00,5/29/1997 0:00,11/23/1996 0:00,7/14/1996 0:00,32,0,0,,,,,,,,,,,,,,,,,,,1.10E+01,,,,,,,,,,,,,,,,,,,,,,,,,,,,,,,,,,,,,,,,,,,,,,G:826-857,-,,,6/19/2000 0:00,,,SE,DW3-1,,,,,,11/2/2000 0:00,,,,,9.21E+01,7.50E+00,4.00E-01,6.10E+00,3.64E+01,4.03E+01,7.60E+00,1.80E+00,4.30E+00,2.10E+00,1.00E+00,3.90E+00,6.70E+00,3.80E+01,2.00E+00,1.00E+01,3.30E+01,9.00E+00,3.00E+00,3.00E+00,2.50E+00,8.00E-01,2.30E+00,5.00E+00,1.00E-01,3.70E+00,5.00E-01,2.00E-01,2.33E+01,2.00E+00,0.00E+00,1.00E-01,5.10E+01,0.00E+00,8.50E+01,,7/16/2001 0:00
DW3-2SE,DW,3,2,1,1,SUBPLOT,11/8/1999 0:00,6/16/1999 0:00,10/13/1998 0:00,6/11/1998 0:00,10/3/1997 0:00,5/29/1997 0:00,11/23/1996 0:00,7/8/1996 0:00,10,0,0,,,,,,,,,,,,,,,,,,,0.00E+00,,,,,,,,,,,,,,,,,,,,,,,,,,,,,,,,,,,,,,,,,,,,,,G:455-464,-,,,6/19/2000 0:00,,,SE,DW3-2,,,,,,11/2/2000 0:00,,,,,9.21E+01,7.50E+00,4.00E-01,6.10E+00,3.64E+01,4.03E+01,7.60E+00,1.80E+00,4.30E+00,2.10E+00,1.00E+00,3.90E+00,6.70E+00,3.20E+01,1.00E+00,1.00E+01,3.20E+01,7.00E+00,4.00E+00,5.00E+00,2.30E+00,8.00E-01,1.60E+00,4.90E+00,0.00E+00,2.70E+00,5.00E-01,1.00E-01,2.68E+01,1.00E+00,0.00E+00,1.00E-01,4.50E+01,0.00E+00,4.00E+01,,7/16/2001 0:00
DW3-2NW,DW,3,2,1,1,SUBPLOT,11/8/1999 0:00,6/16/1999 0:00,10/13/1998 0:00,6/11/1998 0:00,10/3/1997 0:00,5/29/1997 0:00,11/23/1996 0:00,7/8/1996 0:00,30,0,0,,,,,,,,,,,,,,,,,,,8.00E+00,,,,,,,,,,,,,,,,,,,,,,,,,,,,,,,,,,,,,,,,,,,,,,G:526-555,-,,,6/19/2000 0:00,,,NW,DW3-2,,,,,,11/2/2000 0:00,,,,,9.21E+01,7.50E+00,4.00E-01,6.10E+00,3.64E+01,4.03E+01,7.60E+00,1.80E+00,4.30E+00,2.10E+00,1.00E+00,3.90E+00,6.70E+00,3.20E+01,1.00E+00,1.00E+01,3.20E+01,7.00E+00,4.00E+00,5.00E+00,2.30E+00,8.00E-01,1.60E+00,4.90E+00,0.00E+00,2.70E+00,5.00E-01,1.00E-01,2.68E+01,1.00E+00,0.00E+00,1.00E-01,4.50E+01,0.00E+00,7.00E+01,,7/16/2001 0:00
DW3-2,DW,3,2,25,4,NONE,11/8/1999 0:00,6/16/1999 0:00,10/13/1998 0:00,6/11/1998 0:00,10/11/1997 0:00,5/29/1997 0:00,11/23/1996 0:00,7/8/1996 0:00,0,0,0,271,10,14,2.21E+01,36,2.18E+00,3,1,2,2.00E+00,2.40E+00,5.00E+00,0.00E+00,1.75E+00,n,1.50E+00,8/5/1996 0:00,,1.66E+01,1.84E+00,1.06E+00,1.00E-02,8.00E-02,,,,,,,,,,,,,,,,,,,,,,,,,,,,,,,,,,,,,,,,,,,,Y,27,6/19/2000 0:00,25,1025,,DW3-2,1.09E+01,32,109,5.16E+01,3.99E+01,11/2/2000 0:00,40,72,1.86E+00,,9.21E+01,7.50E+00,4.00E-01,6.10E+00,3.64E+01,4.03E+01,7.60E+00,1.80E+00,4.30E+00,2.10E+00,1.00E+00,3.90E+00,6.70E+00,3.20E+01,1.00E+00,1.00E+01,3.20E+01,7.00E+00,4.00E+00,5.00E+00,2.30E+00,8.00E-01,1.60E+00,4.90E+00,0.00E+00,2.70E+00,5.00E-01,1.00E-01,2.68E+01,1.00E+00,0.00E+00,1.00E-01,4.50E+01,0.00E+00,4.00E+01,5.70E+01,7/16/2001 0:00
DW3-3SE,DW,3,3,1,1,SUBPLOT,11/8/1999 0:00,6/16/1999 0:00,10/13/1998 0:00,6/11/1998 0:00,10/1/1997 0:00,5/29/1997 0:00,11/29/1996 0:00,7/14/1996 0:00,23,0,0,,,,,,,,,,,,,,,,,,,5.00E+00,,,,,,,,,,,,,,,,,,,,,,,,,,,,,,,,,,,,,,,,,,,,,,W:801-823,-,,,6/19/2000 0:00,,,SE,DW3-3,,,,,,11/2/2000 0:00,,,,,9.21E+01,7.50E+00,4.00E-01,6.10E+00,3.64E+01,4.03E+01,7.60E+00,1.80E+00,4.30E+00,2.10E+00,1.00E+00,3.80E+00,6.60E+00,4.80E+01,3.00E+00,1.30E+01,2.70E+01,7.00E+00,6.00E+00,6.00E+00,3.30E+00,8.00E-01,1.30E+00,3.00E+00,0.00E+00,3.00E+00,4.00E-01,4.00E-01,3.49E+01,2.00E+00,0.00E+00,0.00E+00,5.20E+01,0.00E+00,9.00E+01,,7/16/2001 0:00
DW3-3,DW,3,3,25,4,NONE,11/8/1999 0:00,6/16/1999 0:00,10/13/1998 0:00,6/11/1998 0:00,10/11/1997 0:00,5/29/1997 0:00,11/29/1996 0:00,7/14/1996 0:00,0,0,0,161,7,10,1.54E+01,27,1.36E+00,2,0,1,2.00E+00,2.00E+00,5.00E+00,0.00E+00,1.25E+00,n,1.80E+00,8/5/1996 0:00,,3.98E+01,2.38E+00,3.10E-01,0.00E+00,7.00E-02,5.00E-02,,,,,,,,,,,,,,,,,,,,,,,,,,,,,,,,,,,,,,,,,,,Y,28,6/19/2000 0:00,20,1040,,DW3-3,1.08E+01,33,110,5.16E+01,3.99E+01,11/2/2000 0:00,40,72,1.71E+00,,9.21E+01,7.50E+00,4.00E-01,6.10E+00,3.64E+01,4.03E+01,7.60E+00,1.80E+00,4.30E+00,2.10E+00,1.00E+00,3.80E+00,6.60E+00,4.80E+01,3.00E+00,1.30E+01,2.70E+01,7.00E+00,6.00E+00,6.00E+00,3.30E+00,8.00E-01,1.30E+00,3.00E+00,0.00E+00,3.00E+00,4.00E-01,4.00E-01,3.49E+01,2.00E+00,0.00E+00,0.00E+00,5.20E+01,0.00E+00,5.38E+01,2.50E+01,7/16/2001 0:00
DW3-5NE,DW,3,5,1,1,SUBPLOT,11/8/1999 0:00,6/16/1999 0:00,10/13/1998 0:00,6/11/1998 0:00,10/11/1997 0:00,5/29/1997 0:00,11/29/1996 0:00,7/14/1996 0:00,48,0,0,,,,,,,,,,,,,,,,,,,1.60E+01,,,,,,,,,,,,,,,,,,,,,,,,,,,,,,,,,,,,,,,,,,,,,,G:768-815,-,,,6/19/2000 0:00,,,NE,DW3-5,,,,,,11/2/2000 0:00,,,,,9.21E+01,7.50E+00,4.00E-01,6.10E+00,3.64E+01,4.03E+01,7.60E+00,1.80E+00,4.30E+00,2.10E+00,1.00E+00,3.90E+00,6.50E+00,4.60E+01,3.00E+00,1.90E+01,3.90E+01,1.00E+01,4.00E+00,6.00E+00,4.10E+00,9.00E-01,1.50E+00,3.50E+00,1.00E-01,3.60E+00,8.00E-01,2.00E-01,3.85E+01,2.00E+00,0.00E+00,1.00E-01,5.70E+01,0.00E+00,9.00E+01,,7/16/2001 0:00
DW3-C1,DW,3,C1,1,1,CLIPPED,11/8/1999 0:00,6/16/1999 0:00,10/13/1998 0:00,6/11/1998 0:00,10/11/1997 0:00,5/29/1997 0:00,11/29/1996 0:00,7/24/1996 0:00,27,0,0,,,,,,,,,,,,,,,,,,,,,,,,,,,,,,,,,,,,,,,,,,,,,,,,,,,,,,,,,,,,,,,,,P:842-868,-,,,6/19/2000 0:00,,,,DW3-C1,,,,,,11/2/2000 0:00,,,,,9.21E+01,7.50E+00,4.00E-01,6.10E+00,3.64E+01,4.03E+01,7.60E+00,1.80E+00,4.30E+00,2.10E+00,1.00E+00,,,,,,,,,,,,,,,,,,,,,,,,,,7/16/2001 0:00
DW3-C2,DW,3,C2,1,1,CLIPPED,11/8/1999 0:00,6/15/1999 0:00,10/13/1998 0:00,6/11/1998 0:00,10/11/1997 0:00,5/29/1997 0:00,11/29/1996 0:00,7/24/1996 0:00,32,0,0,,,,,,,,,,,,,,,,,,,,,,,,,,,,,,,,,,,,,,,,,,,,,,,,,,,,,,,,,,,,,,,,,P:905-936,-,,,6/19/2000 0:00,,,,DW3-C2,,,,,,11/2/2000 0:00,,,,,9.21E+01,7.50E+00,4.00E-01,6.10E+00,3.64E+01,4.03E+01,7.60E+00,1.80E+00,4.30E+00,2.10E+00,1.00E+00,,,,,,,,,,,,,,,,,,,,,,,,,,7/16/2001 0:00
DW3-C4,DW,3,C4,1,1,CLIPPED,11/8/1999 0:00,6/16/1999 0:00,10/13/1998 0:00,6/11/1998 0:00,10/11/1997 0:00,5/29/1997 0:00,11/29/1996 0:00,7/25/1996 0:00,68,0,0,,,,,,,,,,,,,,,,,,,,,,,,,,,,,,,,,,,,,,,,,,,,,,,,,,,,,,,,,,,,,,,,,Y:630-697,-,,,6/19/2000 0:00,,,,DW3-C4,,,,,,11/2/2000 0:00,,,,,9.21E+01,7.50E+00,4.00E-01,6.10E+00,3.64E+01,4.03E+01,7.60E+00,1.80E+00,4.30E+00,2.10E+00,1.00E+00,,,,,,,,,,,,,,,,,,,,,,,,,,7/16/2001 0:00
DW3-C5,DW,3,C5,1,1,CLIPPED,11/8/1999 0:00,6/16/1999 0:00,10/13/1998 0:00,6/11/1998 0:00,10/11/1997 0:00,5/29/1997 0:00,11/29/1996 0:00,7/25/1996 0:00,30,0,0,,,,,,,,,,,,,,,,,,,,,,,,,,,,,,,,,,,,,,,,,,,,,,,,,,,,,,,,,,,,,,,,,Y:764-793,-,,,6/19/2000 0:00,,,,DW3-C5,,,,,,11/2/2000 0:00,,,,,9.21E+01,7.50E+00,4.00E-01,6.10E+00,3.64E+01,4.03E+01,7.60E+00,1.80E+00,4.30E+00,2.10E+00,1.00E+00,,,,,,,,,,,,,,,,,,,,,,,,,,7/16/2001 0:00
