SITE,PLOTCODE,LATDEG,LATMIN,LONGDEG,LONGMIN
DW,DW1-1,40,51.117,72,39.293
DW,DW1-2,40,51.111,72,39.294
DW,DW1-3,40,51.101,72,39.292
DW,DW1-4,40,51.118,72,39.283
DW,DW1-5,40,51.112,72,39.282
DW,DW1-6,40,51.103,72,39.283
DW,DW1-XN,40,51.119,72,39.315
DW,DW1-XS,40,51.108,72,39.312
DW,DW2A-1,40,51.316,72,39.386
DW,DW2A-2,40,51.309,72,39.387
DW,DW2A-3,40,51.301,72,39.392
DW,DW2A-4,40,51.295,72,39.394
DW,DW2A-5,40,51.286,72,39.392
DW,DW2B-1,40,51.3,72,39.411
DW,DW2B-2,40,51.299,72,39.422
DW,DW2B-3,40,51.301,72,39.436
DW,DW2B-4,40,51.3,72,39.444
DW,DW2B-XN,40,51.287,72,39.423
DW,DW2C-1,40,51.342,72,39.426
DW,DW2C-2,40,51.337,72,39.41
DW,DW2C-3,40,51.335,72,39.423
DW,DW2C-4,40,51.333,72,39.43
DW,DW2C-5,40,51.329,72,39.436
DW,DW3-1,40,51.657,72,39.913
DW,DW3-2,40,51.649,72,39.908
DW,DW3-3,40,51.642,72,39.903
DW,DW3-4,40,51.653,72,39.896
DW,DW3-5,40,51.642,72,39.885
RP,RP1-1,40,54.648,72,55.295
RP,RP1-2,40,54.639,72,55.291
RP,RP1-3,40,54.632,72,55.287
RP,RP1-4,40,54.655,72,55.289
RP,RP1-5,40,54.651,72,55.287
RP,RP1-6,40,54.642,72,55.284
RP,RP1-7,40,54.632,72,55.281
RP,RP1-8,40,54.626,72,55.276
RP,RP2-1,40,54.54,72,55.213
RP,RP2-2,40,54.531,72,55.213
RP,RP2-3,40,54.523,72,55.21
RP,RP2-4,40,54.541,72,55.203
RP,RP2-5,40,54.534,72,55.202
RP,RP2-6,40,54.528,72,55.201
SCC,SCC5-1,40,51.506,72,42.092
SCC,SCC5-2,40,51.504,72,42.085
SCC,SCC5-3,40,51.445,72,42.077
SCC,SCC5-4,40,51.518,72,42.086
SCC,SCC5-6,40,51.501,72,42.071
